person_id,party,topic,n_alltime,n_term_hor,chars_term_hor,searchword_segs,n_term_other_house
5,日本共産党,Defence,717,223,106519,562,0
5,日本共産党,NuclearPower,31,5,2682,9,0
5,日本共産党,FamilySeparate,0,0,0,0,0
5,日本共産党,LGBT,2,2,1360,5,0
6,自由民主党,Defence,116,67,62251,158,31
6,自由民主党,NuclearPower,109,54,38729,99,39
6,自由民主党,FamilySeparate,0,0,0,0,0
6,自由民主党,LGBT,0,0,0,0,0
11,自由民主党,Defence,31,0,0,0,0
11,自由民主党,NuclearPower,200,0,0,0,0
11,自由民主党,FamilySeparate,0,0,0,0,0
11,自由民主党,LGBT,0,0,0,0,0
13,自由民主党,Defence,11,3,1269,4,4
13,自由民主党,NuclearPower,15,0,0,0,0
13,自由民主党,FamilySeparate,0,0,0,0,0
13,自由民主党,LGBT,0,0,0,0,0
14,自由民主党,Defence,279,10,10272,36,2
14,自由民主党,NuclearPower,3,0,0,0,2
14,自由民主党,FamilySeparate,0,0,0,0,0
14,自由民主党,LGBT,1,0,0,0,1
55,自由民主党,Defence,3,0,0,0,0
55,自由民主党,NuclearPower,8,0,0,0,0
55,自由民主党,FamilySeparate,0,0,0,0,0
55,自由民主党,LGBT,0,0,0,0,0
56,日本共産党,Defence,273,151,77217,359,0
56,日本共産党,NuclearPower,47,6,4573,24,0
56,日本共産党,FamilySeparate,1,0,0,0,0
56,日本共産党,LGBT,0,0,0,0,0
57,立憲民主党,Defence,36,23,18312,38,0
57,立憲民主党,NuclearPower,5,2,4963,4,0
57,立憲民主党,FamilySeparate,0,0,0,0,0
57,立憲民主党,LGBT,0,0,0,0,0
58,公明党,Defence,49,24,26275,72,0
58,公明党,NuclearPower,85,1,578,1,0
58,公明党,FamilySeparate,0,0,0,0,0
58,公明党,LGBT,0,0,0,0,0
66,自由民主党,Defence,3,3,3174,5,0
66,自由民主党,NuclearPower,0,0,0,0,0
66,自由民主党,FamilySeparate,0,0,0,0,0
66,自由民主党,LGBT,0,0,0,0,0
69,立憲民主党,Defence,264,108,70316,255,0
69,立憲民主党,NuclearPower,20,1,769,1,0
69,立憲民主党,FamilySeparate,0,0,0,0,0
69,立憲民主党,LGBT,0,0,0,0,0
74,自由民主党,Defence,482,2,17966,28,0
74,自由民主党,NuclearPower,614,1,9413,3,0
74,自由民主党,FamilySeparate,5,0,0,0,0
74,自由民主党,LGBT,0,0,0,0,0
75,自由民主党,Defence,21,1,3989,9,0
75,自由民主党,NuclearPower,8,0,0,0,0
75,自由民主党,FamilySeparate,0,0,0,0,0
75,自由民主党,LGBT,0,0,0,0,0
76,自由民主党,Defence,29,11,15220,36,0
76,自由民主党,NuclearPower,3,0,0,0,0
76,自由民主党,FamilySeparate,28,0,0,0,0
76,自由民主党,LGBT,5,0,0,0,0
95,自由民主党,Defence,10,2,7964,3,0
95,自由民主党,NuclearPower,15,0,0,0,0
95,自由民主党,FamilySeparate,0,0,0,0,0
95,自由民主党,LGBT,0,0,0,0,0
110,無所属,Defence,3,0,0,0,0
110,無所属,NuclearPower,3,0,0,0,0
110,無所属,FamilySeparate,0,0,0,0,0
110,無所属,LGBT,0,0,0,0,0
150,自由民主党,Defence,7,0,0,0,0
150,自由民主党,NuclearPower,2,0,0,0,0
150,自由民主党,FamilySeparate,4,0,0,0,0
150,自由民主党,LGBT,0,0,0,0,0
152,自由民主党,Defence,2852,582,671777,1595,637
152,自由民主党,NuclearPower,298,98,208069,198,89
152,自由民主党,FamilySeparate,7,4,1436,4,2
152,自由民主党,LGBT,51,23,44430,34,25
167,立憲民主党,Defence,372,122,108479,376,0
167,立憲民主党,NuclearPower,14,0,0,0,0
167,立憲民主党,FamilySeparate,0,0,0,0,0
167,立憲民主党,LGBT,0,0,0,0,0
170,立憲民主党,Defence,141,75,40626,163,0
170,立憲民主党,NuclearPower,16,2,8932,2,0
170,立憲民主党,FamilySeparate,12,0,0,0,0
170,立憲民主党,LGBT,0,0,0,0,0
184,自由民主党,Defence,34,8,4456,23,0
184,自由民主党,NuclearPower,3,0,0,0,0
184,自由民主党,FamilySeparate,0,0,0,0,0
184,自由民主党,LGBT,0,0,0,0,0
186,無所属,Defence,297,8,6199,22,0
186,無所属,NuclearPower,525,0,0,0,0
186,無所属,FamilySeparate,0,0,0,0,0
186,無所属,LGBT,1,0,0,0,0
192,自由民主党,Defence,44,22,16021,63,0
192,自由民主党,NuclearPower,1,0,0,0,0
192,自由民主党,FamilySeparate,0,0,0,0,0
192,自由民主党,LGBT,0,0,0,0,0
205,自由民主党,Defence,4,3,2156,4,1
205,自由民主党,NuclearPower,3,0,0,0,0
205,自由民主党,FamilySeparate,3,0,0,0,3
205,自由民主党,LGBT,7,2,2500,2,5
221,立憲民主党,Defence,126,42,46676,106,0
221,立憲民主党,NuclearPower,173,6,7792,12,0
221,立憲民主党,FamilySeparate,0,0,0,0,0
221,立憲民主党,LGBT,0,0,0,0,0
225,自由民主党,Defence,94,1,1178,7,0
225,自由民主党,NuclearPower,53,0,0,0,0
225,自由民主党,FamilySeparate,2,0,0,0,0
225,自由民主党,LGBT,2,0,0,0,0
230,自由民主党,Defence,57,21,16785,44,0
230,自由民主党,NuclearPower,4,2,2704,6,0
230,自由民主党,FamilySeparate,0,0,0,0,0
230,自由民主党,LGBT,0,0,0,0,0
232,自由民主党,Defence,23,7,5427,15,7
232,自由民主党,NuclearPower,0,0,0,0,0
232,自由民主党,FamilySeparate,1,0,0,0,0
232,自由民主党,LGBT,0,0,0,0,0
240,立憲民主党,Defence,840,125,92973,331,0
240,立憲民主党,NuclearPower,31,1,1858,1,0
240,立憲民主党,FamilySeparate,0,0,0,0,0
240,立憲民主党,LGBT,0,0,0,0,0
248,立憲民主党,Defence,23,6,9203,10,0
248,立憲民主党,NuclearPower,21,0,0,0,0
248,立憲民主党,FamilySeparate,1,0,0,0,0
248,立憲民主党,LGBT,0,0,0,0,0
254,公明党,Defence,16,13,11176,17,0
254,公明党,NuclearPower,26,18,10625,35,0
254,公明党,FamilySeparate,4,0,0,0,0
254,公明党,LGBT,2,0,0,0,0
255,立憲民主党,Defence,30,8,6472,15,0
255,立憲民主党,NuclearPower,88,4,3262,15,0
255,立憲民主党,FamilySeparate,0,0,0,0,0
255,立憲民主党,LGBT,1,1,529,1,0
256,立憲民主党,Defence,146,52,128252,227,1
256,立憲民主党,NuclearPower,19,4,21599,13,0
256,立憲民主党,FamilySeparate,4,2,11014,3,2
256,立憲民主党,LGBT,6,6,20355,12,0
261,公明党,Defence,15,10,3216,12,0
261,公明党,NuclearPower,7,2,958,4,0
261,公明党,FamilySeparate,0,0,0,0,0
261,公明党,LGBT,0,0,0,0,0
268,国民民主党,Defence,181,46,107866,206,0
268,国民民主党,NuclearPower,41,9,41092,32,0
268,国民民主党,FamilySeparate,2,0,0,0,0
268,国民民主党,LGBT,0,0,0,0,0
273,自由民主党,Defence,26,0,0,0,0
273,自由民主党,NuclearPower,15,0,0,0,0
273,自由民主党,FamilySeparate,0,0,0,0,0
273,自由民主党,LGBT,0,0,0,0,0
285,日本維新の会,Defence,87,4,5266,11,0
285,日本維新の会,NuclearPower,0,0,0,0,0
285,日本維新の会,FamilySeparate,0,0,0,0,0
285,日本維新の会,LGBT,0,0,0,0,0
291,自由民主党,Defence,54,1,411,3,1
291,自由民主党,NuclearPower,31,2,566,2,0
291,自由民主党,FamilySeparate,44,0,0,0,0
291,自由民主党,LGBT,1,0,0,0,0
311,自由民主党,Defence,92,20,17163,28,18
311,自由民主党,NuclearPower,38,7,10838,11,13
311,自由民主党,FamilySeparate,0,0,0,0,0
311,自由民主党,LGBT,0,0,0,0,0
321,公明党,Defence,72,1,823,1,0
321,公明党,NuclearPower,29,0,0,0,0
321,公明党,FamilySeparate,6,0,0,0,0
321,公明党,LGBT,0,0,0,0,0
333,自由民主党,Defence,13,3,2541,4,0
333,自由民主党,NuclearPower,40,0,0,0,0
333,自由民主党,FamilySeparate,0,0,0,0,0
333,自由民主党,LGBT,0,0,0,0,0
335,れいわ新選組,Defence,43,32,33147,74,0
335,れいわ新選組,NuclearPower,4,3,2438,12,0
335,れいわ新選組,FamilySeparate,1,1,509,1,0
335,れいわ新選組,LGBT,4,4,4312,8,0
350,自由民主党,Defence,184,8,15902,23,0
350,自由民主党,NuclearPower,22,0,0,0,0
350,自由民主党,FamilySeparate,0,0,0,0,0
350,自由民主党,LGBT,0,0,0,0,0
358,立憲民主党,Defence,230,15,33578,67,0
358,立憲民主党,NuclearPower,41,0,0,0,0
358,立憲民主党,FamilySeparate,0,0,0,0,0
358,立憲民主党,LGBT,2,2,4954,3,0
361,日本維新の会,Defence,57,57,32916,138,0
361,日本維新の会,NuclearPower,10,10,4465,20,0
361,日本維新の会,FamilySeparate,0,0,0,0,0
361,日本維新の会,LGBT,0,0,0,0,0
366,自由民主党,Defence,32,8,7850,10,2
366,自由民主党,NuclearPower,41,12,9151,28,10
366,自由民主党,FamilySeparate,0,0,0,0,0
366,自由民主党,LGBT,0,0,0,0,0
369,自由民主党,Defence,10,10,5874,11,0
369,自由民主党,NuclearPower,2,2,824,2,0
369,自由民主党,FamilySeparate,0,0,0,0,0
369,自由民主党,LGBT,0,0,0,0,0
379,立憲民主党,Defence,141,12,25564,21,0
379,立憲民主党,NuclearPower,21,5,20193,6,0
379,立憲民主党,FamilySeparate,2,1,11327,1,0
379,立憲民主党,LGBT,1,1,11327,2,0
386,公明党,Defence,4,4,2961,5,0
386,公明党,NuclearPower,0,0,0,0,0
386,公明党,FamilySeparate,0,0,0,0,0
386,公明党,LGBT,1,1,559,2,0
394,自由民主党,Defence,45,4,2929,11,12
394,自由民主党,NuclearPower,6,1,1363,3,0
394,自由民主党,FamilySeparate,0,0,0,0,0
394,自由民主党,LGBT,0,0,0,0,0
397,自由民主党,Defence,20,13,7948,16,0
397,自由民主党,NuclearPower,2,2,1520,2,0
397,自由民主党,FamilySeparate,0,0,0,0,0
397,自由民主党,LGBT,0,0,0,0,0
410,日本維新の会,Defence,34,34,36448,68,0
410,日本維新の会,NuclearPower,0,0,0,0,0
410,日本維新の会,FamilySeparate,0,0,0,0,0
410,日本維新の会,LGBT,0,0,0,0,0
422,自由民主党,Defence,23,10,4137,14,7
422,自由民主党,NuclearPower,67,20,11509,39,4
422,自由民主党,FamilySeparate,0,0,0,0,0
422,自由民主党,LGBT,0,0,0,0,0
430,日本維新の会,Defence,20,1,4786,12,0
430,日本維新の会,NuclearPower,3,0,0,0,0
430,日本維新の会,FamilySeparate,0,0,0,0,0
430,日本維新の会,LGBT,0,0,0,0,0
433,国民民主党,Defence,200,189,147652,495,0
433,国民民主党,NuclearPower,2,2,2087,2,0
433,国民民主党,FamilySeparate,0,0,0,0,0
433,国民民主党,LGBT,3,3,2116,4,0
447,日本維新の会,Defence,7,7,2986,13,0
447,日本維新の会,NuclearPower,2,2,1352,7,0
447,日本維新の会,FamilySeparate,0,0,0,0,0
447,日本維新の会,LGBT,0,0,0,0,0
452,自由民主党,Defence,80,10,3665,15,4
452,自由民主党,NuclearPower,9,1,204,1,0
452,自由民主党,FamilySeparate,0,0,0,0,0
452,自由民主党,LGBT,0,0,0,0,0
460,自由民主党,Defence,3,1,842,2,0
460,自由民主党,NuclearPower,2,0,0,0,0
460,自由民主党,FamilySeparate,0,0,0,0,0
460,自由民主党,LGBT,0,0,0,0,0
473,立憲民主党,Defence,49,15,13216,21,0
473,立憲民主党,NuclearPower,151,8,9652,16,0
473,立憲民主党,FamilySeparate,0,0,0,0,0
473,立憲民主党,LGBT,0,0,0,0,0
475,自由民主党,Defence,32,5,4821,12,0
475,自由民主党,NuclearPower,42,2,1945,2,0
475,自由民主党,FamilySeparate,1,1,2169,1,0
475,自由民主党,LGBT,1,1,2169,1,0
479,日本維新の会,Defence,10,10,5757,25,0
479,日本維新の会,NuclearPower,9,9,8856,21,0
479,日本維新の会,FamilySeparate,0,0,0,0,0
479,日本維新の会,LGBT,0,0,0,0,0
484,自由民主党,Defence,51,0,0,0,0
484,自由民主党,NuclearPower,15,0,0,0,0
484,自由民主党,FamilySeparate,1,0,0,0,0
484,自由民主党,LGBT,0,0,0,0,0
492,自由民主党,Defence,4,1,317,2,0
492,自由民主党,NuclearPower,2,0,0,0,2
492,自由民主党,FamilySeparate,0,0,0,0,0
492,自由民主党,LGBT,0,0,0,0,0
498,日本維新の会,Defence,7,2,829,2,0
498,日本維新の会,NuclearPower,1,1,73,1,0
498,日本維新の会,FamilySeparate,1,0,0,0,0
498,日本維新の会,LGBT,0,0,0,0,0
499,立憲民主党,Defence,49,11,11798,21,0
499,立憲民主党,NuclearPower,13,1,84,1,0
499,立憲民主党,FamilySeparate,3,3,2973,3,0
499,立憲民主党,LGBT,12,12,8437,16,0
501,自由民主党,Defence,18,9,10306,21,0
501,自由民主党,NuclearPower,8,4,3099,4,1
501,自由民主党,FamilySeparate,1,1,437,2,0
501,自由民主党,LGBT,0,0,0,0,0
509,日本維新の会,Defence,93,68,65422,255,0
509,日本維新の会,NuclearPower,9,1,384,1,0
509,日本維新の会,FamilySeparate,0,0,0,0,0
509,日本維新の会,LGBT,1,1,684,1,0
516,日本維新の会,Defence,4,4,2560,4,0
516,日本維新の会,NuclearPower,9,9,5790,25,0
516,日本維新の会,FamilySeparate,0,0,0,0,0
516,日本維新の会,LGBT,0,0,0,0,0
519,国民民主党,Defence,118,118,78600,256,0
519,国民民主党,NuclearPower,15,15,13180,23,0
519,国民民主党,FamilySeparate,0,0,0,0,0
519,国民民主党,LGBT,0,0,0,0,0
526,自由民主党,Defence,54,27,11720,47,2
526,自由民主党,NuclearPower,9,2,2044,7,0
526,自由民主党,FamilySeparate,0,0,0,0,0
526,自由民主党,LGBT,0,0,0,0,0
531,自由民主党,Defence,36,19,23108,38,10
531,自由民主党,NuclearPower,7,2,11760,2,3
531,自由民主党,FamilySeparate,1,1,95,1,0
531,自由民主党,LGBT,5,2,362,2,3
533,自由民主党,Defence,6,1,278,1,0
533,自由民主党,NuclearPower,1,0,0,0,0
533,自由民主党,FamilySeparate,0,0,0,0,0
533,自由民主党,LGBT,0,0,0,0,0
540,無所属,Defence,242,90,41943,156,0
540,無所属,NuclearPower,11,3,669,5,0
540,無所属,FamilySeparate,2,1,100,1,0
540,無所属,LGBT,0,0,0,0,0
559,日本維新の会,Defence,19,18,13273,21,0
559,日本維新の会,NuclearPower,0,0,0,0,0
559,日本維新の会,FamilySeparate,1,1,478,1,0
559,日本維新の会,LGBT,0,0,0,0,0
561,自由民主党,Defence,21,2,812,2,1
561,自由民主党,NuclearPower,43,9,5916,12,15
561,自由民主党,FamilySeparate,0,0,0,0,0
561,自由民主党,LGBT,0,0,0,0,0
576,自由民主党,Defence,29,0,0,0,0
576,自由民主党,NuclearPower,0,0,0,0,0
576,自由民主党,FamilySeparate,0,0,0,0,0
576,自由民主党,LGBT,0,0,0,0,0
578,日本維新の会,Defence,9,9,11915,29,0
578,日本維新の会,NuclearPower,1,1,5150,7,0
578,日本維新の会,FamilySeparate,3,0,0,0,0
578,日本維新の会,LGBT,0,0,0,0,0
581,自由民主党,Defence,31,14,10392,34,2
581,自由民主党,NuclearPower,4,1,436,1,0
581,自由民主党,FamilySeparate,3,0,0,0,0
581,自由民主党,LGBT,0,0,0,0,0
589,立憲民主党,Defence,221,13,28054,22,0
589,立憲民主党,NuclearPower,193,27,46160,87,0
589,立憲民主党,FamilySeparate,0,0,0,0,0
589,立憲民主党,LGBT,0,0,0,0,0
591,立憲民主党,Defence,81,11,5975,17,0
591,立憲民主党,NuclearPower,144,0,0,0,0
591,立憲民主党,FamilySeparate,1,0,0,0,0
591,立憲民主党,LGBT,0,0,0,0,0
592,自由民主党,Defence,17,5,6816,6,0
592,自由民主党,NuclearPower,23,0,0,0,0
592,自由民主党,FamilySeparate,0,0,0,0,0
592,自由民主党,LGBT,0,0,0,0,0
593,自由民主党,Defence,18,0,0,0,0
593,自由民主党,NuclearPower,1,0,0,0,0
593,自由民主党,FamilySeparate,0,0,0,0,0
593,自由民主党,LGBT,0,0,0,0,0
599,自由民主党,Defence,34,0,0,0,0
599,自由民主党,NuclearPower,76,0,0,0,0
599,自由民主党,FamilySeparate,0,0,0,0,0
599,自由民主党,LGBT,0,0,0,0,0
610,自由民主党,Defence,1996,31,30913,107,0
610,自由民主党,NuclearPower,81,0,0,0,0
610,自由民主党,FamilySeparate,1,0,0,0,0
610,自由民主党,LGBT,0,0,0,0,0
614,立憲民主党,Defence,20,18,15442,29,0
614,立憲民主党,NuclearPower,3,1,852,2,0
614,立憲民主党,FamilySeparate,0,0,0,0,0
614,立憲民主党,LGBT,0,0,0,0,0
640,自由民主党,Defence,11,7,6082,36,0
640,自由民主党,NuclearPower,2,0,0,0,0
640,自由民主党,FamilySeparate,0,0,0,0,0
640,自由民主党,LGBT,0,0,0,0,0
648,自由民主党,Defence,40,0,0,0,0
648,自由民主党,NuclearPower,20,1,833,6,0
648,自由民主党,FamilySeparate,0,0,0,0,0
648,自由民主党,LGBT,0,0,0,0,0
650,自由民主党,Defence,972,5,11889,33,0
650,自由民主党,NuclearPower,52,6,10559,14,0
650,自由民主党,FamilySeparate,40,1,8030,1,0
650,自由民主党,LGBT,7,0,0,0,0
659,自由民主党,Defence,26,18,11723,57,0
659,自由民主党,NuclearPower,7,1,418,2,0
659,自由民主党,FamilySeparate,0,0,0,0,0
659,自由民主党,LGBT,0,0,0,0,0
660,自由民主党,Defence,19,15,4597,16,4
660,自由民主党,NuclearPower,8,3,1998,6,0
660,自由民主党,FamilySeparate,0,0,0,0,0
660,自由民主党,LGBT,0,0,0,0,0
664,立憲民主党,Defence,49,5,5490,9,0
664,立憲民主党,NuclearPower,12,0,0,0,0
664,立憲民主党,FamilySeparate,0,0,0,0,0
664,立憲民主党,LGBT,0,0,0,0,0
666,自由民主党,Defence,357,165,111863,308,138
666,自由民主党,NuclearPower,15,5,3666,7,0
666,自由民主党,FamilySeparate,0,0,0,0,0
666,自由民主党,LGBT,0,0,0,0,0
681,立憲民主党,Defence,44,10,11197,26,0
681,立憲民主党,NuclearPower,12,1,162,1,0
681,立憲民主党,FamilySeparate,0,0,0,0,0
681,立憲民主党,LGBT,0,0,0,0,0
684,自由民主党,Defence,16,14,12676,30,1
684,自由民主党,NuclearPower,31,7,5287,9,0
684,自由民主党,FamilySeparate,0,0,0,0,0
684,自由民主党,LGBT,0,0,0,0,0
688,自由民主党,Defence,10,1,386,1,0
688,自由民主党,NuclearPower,0,0,0,0,0
688,自由民主党,FamilySeparate,0,0,0,0,0
688,自由民主党,LGBT,0,0,0,0,0
689,日本維新の会,Defence,115,115,86031,281,0
689,日本維新の会,NuclearPower,8,8,7449,12,0
689,日本維新の会,FamilySeparate,0,0,0,0,0
689,日本維新の会,LGBT,0,0,0,0,0
695,自由民主党,Defence,21,13,6268,20,0
695,自由民主党,NuclearPower,1,0,0,0,0
695,自由民主党,FamilySeparate,0,0,0,0,0
695,自由民主党,LGBT,0,0,0,0,0
702,自由民主党,Defence,3,2,1449,2,0
702,自由民主党,NuclearPower,0,0,0,0,0
702,自由民主党,FamilySeparate,1,0,0,0,0
702,自由民主党,LGBT,0,0,0,0,0
708,自由民主党,Defence,2987,0,0,0,0
708,自由民主党,NuclearPower,522,0,0,0,0
708,自由民主党,FamilySeparate,6,0,0,0,0
708,自由民主党,LGBT,8,0,0,0,0
709,立憲民主党,Defence,69,16,29985,33,0
709,立憲民主党,NuclearPower,4,1,739,1,0
709,立憲民主党,FamilySeparate,1,0,0,0,0
709,立憲民主党,LGBT,0,0,0,0,0
711,日本維新の会,Defence,101,67,40071,212,0
711,日本維新の会,NuclearPower,4,1,558,1,0
711,日本維新の会,FamilySeparate,0,0,0,0,0
711,日本維新の会,LGBT,0,0,0,0,0
744,自由民主党,Defence,5,5,4529,5,0
744,自由民主党,NuclearPower,6,6,3317,14,0
744,自由民主党,FamilySeparate,0,0,0,0,0
744,自由民主党,LGBT,0,0,0,0,0
756,公明党,Defence,9,6,5886,7,0
756,公明党,NuclearPower,17,0,0,0,0
756,公明党,FamilySeparate,0,0,0,0,0
756,公明党,LGBT,0,0,0,0,0
761,公明党,Defence,60,18,17290,31,0
761,公明党,NuclearPower,89,19,15180,45,0
761,公明党,FamilySeparate,0,0,0,0,0
761,公明党,LGBT,0,0,0,0,0
767,日本維新の会,Defence,21,16,9221,18,0
767,日本維新の会,NuclearPower,4,4,3854,6,0
767,日本維新の会,FamilySeparate,0,0,0,0,0
767,日本維新の会,LGBT,0,0,0,0,0
771,自由民主党,Defence,7,6,3032,12,1
771,自由民主党,NuclearPower,0,0,0,0,0
771,自由民主党,FamilySeparate,0,0,0,0,0
771,自由民主党,LGBT,0,0,0,0,0
773,自由民主党,Defence,775,16,16581,62,0
773,自由民主党,NuclearPower,13,2,796,2,0
773,自由民主党,FamilySeparate,0,0,0,0,0
773,自由民主党,LGBT,0,0,0,0,0
776,公明党,Defence,47,7,2777,7,0
776,公明党,NuclearPower,21,8,4205,8,0
776,公明党,FamilySeparate,0,0,0,0,0
776,公明党,LGBT,0,0,0,0,0
780,自由民主党,Defence,8,5,2875,5,2
780,自由民主党,NuclearPower,2,2,1053,2,0
780,自由民主党,FamilySeparate,0,0,0,0,0
780,自由民主党,LGBT,0,0,0,0,0
790,立憲民主党,Defence,209,13,12275,23,0
790,立憲民主党,NuclearPower,116,20,17150,48,0
790,立憲民主党,FamilySeparate,0,0,0,0,0
790,立憲民主党,LGBT,0,0,0,0,0
793,立憲民主党,Defence,13,12,14200,25,0
793,立憲民主党,NuclearPower,3,2,4042,2,0
793,立憲民主党,FamilySeparate,0,0,0,0,0
793,立憲民主党,LGBT,0,0,0,0,0
800,立憲民主党,Defence,36,0,0,0,0
800,立憲民主党,NuclearPower,31,1,369,5,0
800,立憲民主党,FamilySeparate,1,0,0,0,0
800,立憲民主党,LGBT,0,0,0,0,0
806,自由民主党,Defence,7,4,1417,6,0
806,自由民主党,NuclearPower,10,0,0,0,0
806,自由民主党,FamilySeparate,0,0,0,0,0
806,自由民主党,LGBT,0,0,0,0,0
808,立憲民主党,Defence,371,38,34544,81,0
808,立憲民主党,NuclearPower,365,0,0,0,0
808,立憲民主党,FamilySeparate,2,0,0,0,0
808,立憲民主党,LGBT,0,0,0,0,0
813,日本維新の会,Defence,17,12,16693,48,0
813,日本維新の会,NuclearPower,3,1,4127,3,0
813,日本維新の会,FamilySeparate,39,0,0,0,0
813,日本維新の会,LGBT,0,0,0,0,0
821,社会民主党,Defence,200,168,98597,461,0
821,社会民主党,NuclearPower,1,1,696,2,0
821,社会民主党,FamilySeparate,0,0,0,0,0
821,社会民主党,LGBT,0,0,0,0,0
824,立憲民主党,Defence,15,7,13581,32,0
824,立憲民主党,NuclearPower,0,0,0,0,0
824,立憲民主党,FamilySeparate,1,1,9685,3,0
824,立憲民主党,LGBT,1,1,9685,3,0
832,自由民主党,Defence,40,17,9785,34,1
832,自由民主党,NuclearPower,0,0,0,0,0
832,自由民主党,FamilySeparate,0,0,0,0,0
832,自由民主党,LGBT,0,0,0,0,0
839,日本維新の会,Defence,65,63,49023,194,0
839,日本維新の会,NuclearPower,1,1,964,1,0
839,日本維新の会,FamilySeparate,1,1,602,1,0
839,日本維新の会,LGBT,0,0,0,0,0
844,自由民主党,Defence,3024,16,65036,137,3
844,自由民主党,NuclearPower,91,3,19796,8,1
844,自由民主党,FamilySeparate,7,0,0,0,0
844,自由民主党,LGBT,5,0,0,0,0
859,日本維新の会,Defence,44,0,0,0,0
859,日本維新の会,NuclearPower,3,1,526,1,0
859,日本維新の会,FamilySeparate,0,0,0,0,0
859,日本維新の会,LGBT,0,0,0,0,0
863,自由民主党,Defence,48,33,15354,88,13
863,自由民主党,NuclearPower,8,7,4860,15,0
863,自由民主党,FamilySeparate,0,0,0,0,0
863,自由民主党,LGBT,0,0,0,0,0
866,自由民主党,Defence,25,13,5421,15,0
866,自由民主党,NuclearPower,13,3,2505,3,0
866,自由民主党,FamilySeparate,0,0,0,0,0
866,自由民主党,LGBT,0,0,0,0,0
876,立憲民主党,Defence,25,4,5351,13,0
876,立憲民主党,NuclearPower,29,1,1093,1,0
876,立憲民主党,FamilySeparate,1,1,112,1,0
876,立憲民主党,LGBT,0,0,0,0,0
878,自由民主党,Defence,5,3,1506,4,0
878,自由民主党,NuclearPower,7,1,860,5,0
878,自由民主党,FamilySeparate,0,0,0,0,0
878,自由民主党,LGBT,0,0,0,0,0
884,自由民主党,Defence,6,1,325,1,0
884,自由民主党,NuclearPower,0,0,0,0,0
884,自由民主党,FamilySeparate,0,0,0,0,0
884,自由民主党,LGBT,0,0,0,0,0
887,自由民主党,Defence,12,0,0,0,0
887,自由民主党,NuclearPower,2,0,0,0,0
887,自由民主党,FamilySeparate,1,0,0,0,0
887,自由民主党,LGBT,0,0,0,0,0
901,公明党,Defence,144,23,25614,108,0
901,公明党,NuclearPower,6,3,1139,8,0
901,公明党,FamilySeparate,4,0,0,0,0
901,公明党,LGBT,0,0,0,0,0
906,立憲民主党,Defence,17,17,12048,37,0
906,立憲民主党,NuclearPower,9,9,4295,27,0
906,立憲民主党,FamilySeparate,1,1,1552,1,0
906,立憲民主党,LGBT,1,1,2529,1,0
911,自由民主党,Defence,439,39,37281,61,22
911,自由民主党,NuclearPower,107,0,0,0,0
911,自由民主党,FamilySeparate,0,0,0,0,0
911,自由民主党,LGBT,1,0,0,0,1
917,自由民主党,Defence,31,0,0,0,0
917,自由民主党,NuclearPower,6,0,0,0,0
917,自由民主党,FamilySeparate,0,0,0,0,0
917,自由民主党,LGBT,0,0,0,0,0
925,立憲民主党,Defence,27,20,10411,31,0
925,立憲民主党,NuclearPower,11,11,4212,21,0
925,立憲民主党,FamilySeparate,0,0,0,0,0
925,立憲民主党,LGBT,0,0,0,0,0
937,立憲民主党,Defence,80,13,10225,33,0
937,立憲民主党,NuclearPower,371,76,22937,139,0
937,立憲民主党,FamilySeparate,3,0,0,0,0
937,立憲民主党,LGBT,2,0,0,0,0
942,自由民主党,Defence,1509,406,151385,978,308
942,自由民主党,NuclearPower,9,1,529,2,1
942,自由民主党,FamilySeparate,0,0,0,0,0
942,自由民主党,LGBT,0,0,0,0,0
948,公明党,Defence,61,47,43785,109,2
948,公明党,NuclearPower,11,4,4668,7,2
948,公明党,FamilySeparate,0,0,0,0,0
948,公明党,LGBT,0,0,0,0,0
950,自由民主党,Defence,9,9,7446,16,0
950,自由民主党,NuclearPower,0,0,0,0,0
950,自由民主党,FamilySeparate,0,0,0,0,0
950,自由民主党,LGBT,0,0,0,0,0
969,自由民主党,Defence,72,5,3946,6,0
969,自由民主党,NuclearPower,2,0,0,0,0
969,自由民主党,FamilySeparate,15,0,0,0,0
969,自由民主党,LGBT,9,0,0,0,0
989,立憲民主党,Defence,39,16,21152,32,0
989,立憲民主党,NuclearPower,7,1,433,1,0
989,立憲民主党,FamilySeparate,0,0,0,0,0
989,立憲民主党,LGBT,0,0,0,0,0
993,自由民主党,Defence,128,6,2342,10,0
993,自由民主党,NuclearPower,5,0,0,0,0
993,自由民主党,FamilySeparate,0,0,0,0,0
993,自由民主党,LGBT,0,0,0,0,0
999,自由民主党,Defence,38,21,8431,25,4
999,自由民主党,NuclearPower,27,7,2540,10,0
999,自由民主党,FamilySeparate,0,0,0,0,0
999,自由民主党,LGBT,1,1,312,1,0
1012,自由民主党,Defence,16,2,686,2,0
1012,自由民主党,NuclearPower,1,0,0,0,0
1012,自由民主党,FamilySeparate,0,0,0,0,0
1012,自由民主党,LGBT,0,0,0,0,0
1023,立憲民主党,Defence,389,22,16674,26,0
1023,立憲民主党,NuclearPower,305,43,30079,63,0
1023,立憲民主党,FamilySeparate,0,0,0,0,0
1023,立憲民主党,LGBT,0,0,0,0,0
1025,自由民主党,Defence,11,1,158,1,0
1025,自由民主党,NuclearPower,16,3,2628,4,0
1025,自由民主党,FamilySeparate,0,0,0,0,0
1025,自由民主党,LGBT,0,0,0,0,0
1034,自由民主党,Defence,35,2,910,2,0
1034,自由民主党,NuclearPower,38,1,1023,1,0
1034,自由民主党,FamilySeparate,0,0,0,0,0
1034,自由民主党,LGBT,0,0,0,0,0
1040,公明党,Defence,28,16,10783,24,0
1040,公明党,NuclearPower,0,0,0,0,0
1040,公明党,FamilySeparate,0,0,0,0,0
1040,公明党,LGBT,0,0,0,0,0
1050,自由民主党,Defence,79,27,12428,38,1
1050,自由民主党,NuclearPower,8,0,0,0,0
1050,自由民主党,FamilySeparate,1,0,0,0,0
1050,自由民主党,LGBT,1,0,0,0,0
1064,自由民主党,Defence,3,3,3280,13,0
1064,自由民主党,NuclearPower,2,0,0,0,0
1064,自由民主党,FamilySeparate,0,0,0,0,0
1064,自由民主党,LGBT,0,0,0,0,0
1083,公明党,Defence,55,23,17944,71,0
1083,公明党,NuclearPower,1,1,1220,1,0
1083,公明党,FamilySeparate,0,0,0,0,0
1083,公明党,LGBT,0,0,0,0,0
1084,公明党,Defence,41,8,3322,11,0
1084,公明党,NuclearPower,44,15,7011,16,0
1084,公明党,FamilySeparate,0,0,0,0,0
1084,公明党,LGBT,0,0,0,0,0
1095,自由民主党,Defence,34,13,9728,28,0
1095,自由民主党,NuclearPower,16,6,4036,11,0
1095,自由民主党,FamilySeparate,4,1,1504,2,0
1095,自由民主党,LGBT,1,1,609,2,0
1096,立憲民主党,Defence,25,23,25053,38,0
1096,立憲民主党,NuclearPower,2,2,12683,4,0
1096,立憲民主党,FamilySeparate,2,2,1367,4,0
1096,立憲民主党,LGBT,4,4,2016,8,0
1098,自由民主党,Defence,173,0,0,0,0
1098,自由民主党,NuclearPower,2,0,0,0,0
1098,自由民主党,FamilySeparate,0,0,0,0,0
1098,自由民主党,LGBT,0,0,0,0,0
1100,自由民主党,Defence,25,0,0,0,0
1100,自由民主党,NuclearPower,3,0,0,0,0
1100,自由民主党,FamilySeparate,0,0,0,0,0
1100,自由民主党,LGBT,0,0,0,0,0
1112,無所属,Defence,141,0,0,0,0
1112,無所属,NuclearPower,219,0,0,0,0
1112,無所属,FamilySeparate,0,0,0,0,0
1112,無所属,LGBT,0,0,0,0,0
1113,自由民主党,Defence,7,3,3733,3,0
1113,自由民主党,NuclearPower,0,0,0,0,0
1113,自由民主党,FamilySeparate,0,0,0,0,0
1113,自由民主党,LGBT,0,0,0,0,0
1124,自由民主党,Defence,13,0,0,0,0
1124,自由民主党,NuclearPower,6,3,1810,4,0
1124,自由民主党,FamilySeparate,0,0,0,0,0
1124,自由民主党,LGBT,0,0,0,0,0
1126,立憲民主党,Defence,29,20,14698,23,0
1126,立憲民主党,NuclearPower,9,7,4051,8,0
1126,立憲民主党,FamilySeparate,13,10,6314,14,0
1126,立憲民主党,LGBT,6,5,2057,9,0
1128,立憲民主党,Defence,112,83,48503,179,0
1128,立憲民主党,NuclearPower,10,1,580,1,0
1128,立憲民主党,FamilySeparate,0,0,0,0,0
1128,立憲民主党,LGBT,0,0,0,0,0
1135,自由民主党,Defence,15,4,2470,5,3
1135,自由民主党,NuclearPower,9,4,3405,11,1
1135,自由民主党,FamilySeparate,0,0,0,0,0
1135,自由民主党,LGBT,0,0,0,0,0
1138,無所属,Defence,31,17,10749,28,2
1138,無所属,NuclearPower,2,0,0,0,0
1138,無所属,FamilySeparate,0,0,0,0,0
1138,無所属,LGBT,0,0,0,0,0
1140,自由民主党,Defence,122,1,2040,1,0
1140,自由民主党,NuclearPower,2,0,0,0,0
1140,自由民主党,FamilySeparate,1,0,0,0,0
1140,自由民主党,LGBT,1,0,0,0,0
1145,自由民主党,Defence,4,1,620,1,0
1145,自由民主党,NuclearPower,0,0,0,0,0
1145,自由民主党,FamilySeparate,0,0,0,0,0
1145,自由民主党,LGBT,0,0,0,0,0
1165,自由民主党,Defence,109,0,0,0,0
1165,自由民主党,NuclearPower,9,0,0,0,0
1165,自由民主党,FamilySeparate,0,0,0,0,0
1165,自由民主党,LGBT,0,0,0,0,0
1170,公明党,Defence,707,0,0,0,0
1170,公明党,NuclearPower,83,0,0,0,0
1170,公明党,FamilySeparate,0,0,0,0,0
1170,公明党,LGBT,0,0,0,0,0
1178,公明党,Defence,219,61,47508,94,34
1178,公明党,NuclearPower,258,4,1139,4,4
1178,公明党,FamilySeparate,1,0,0,0,0
1178,公明党,LGBT,0,0,0,0,0
1188,自由民主党,Defence,316,2,951,2,9
1188,自由民主党,NuclearPower,38,8,8932,15,18
1188,自由民主党,FamilySeparate,1,0,0,0,0
1188,自由民主党,LGBT,0,0,0,0,0
1204,自由民主党,Defence,56,14,9754,33,5
1204,自由民主党,NuclearPower,0,0,0,0,0
1204,自由民主党,FamilySeparate,0,0,0,0,0
1204,自由民主党,LGBT,1,0,0,0,1
1206,自由民主党,Defence,836,331,173075,840,454
1206,自由民主党,NuclearPower,6,5,2177,8,0
1206,自由民主党,FamilySeparate,0,0,0,0,0
1206,自由民主党,LGBT,0,0,0,0,0
1211,自由民主党,Defence,17,14,11346,28,0
1211,自由民主党,NuclearPower,0,0,0,0,0
1211,自由民主党,FamilySeparate,0,0,0,0,0
1211,自由民主党,LGBT,0,0,0,0,0
1214,立憲民主党,Defence,38,7,22282,27,0
1214,立憲民主党,NuclearPower,17,7,15305,17,0
1214,立憲民主党,FamilySeparate,13,6,18120,11,0
1214,立憲民主党,LGBT,18,17,22618,28,0
1215,自由民主党,Defence,81,0,0,0,0
1215,自由民主党,NuclearPower,91,0,0,0,0
1215,自由民主党,FamilySeparate,0,0,0,0,0
1215,自由民主党,LGBT,0,0,0,0,0
1229,立憲民主党,Defence,9,7,22633,20,0
1229,立憲民主党,NuclearPower,1,1,8983,4,0
1229,立憲民主党,FamilySeparate,32,32,35992,84,0
1229,立憲民主党,LGBT,16,16,25730,43,0
1231,自由民主党,Defence,48,0,0,0,0
1231,自由民主党,NuclearPower,50,0,0,0,0
1231,自由民主党,FamilySeparate,0,0,0,0,0
1231,自由民主党,LGBT,0,0,0,0,0
1234,立憲民主党,Defence,20,9,13221,11,0
1234,立憲民主党,NuclearPower,6,0,0,0,0
1234,立憲民主党,FamilySeparate,0,0,0,0,0
1234,立憲民主党,LGBT,1,1,958,1,0
1269,自由民主党,Defence,100,47,66120,49,0
1269,自由民主党,NuclearPower,18,1,892,1,0
1269,自由民主党,FamilySeparate,0,0,0,0,0
1269,自由民主党,LGBT,0,0,0,0,0
1276,自由民主党,Defence,25,1,9144,10,0
1276,自由民主党,NuclearPower,25,0,0,0,0
1276,自由民主党,FamilySeparate,0,0,0,0,0
1276,自由民主党,LGBT,0,0,0,0,0
1277,日本維新の会,Defence,18,16,21079,31,0
1277,日本維新の会,NuclearPower,18,7,6748,15,0
1277,日本維新の会,FamilySeparate,0,0,0,0,0
1277,日本維新の会,LGBT,0,0,0,0,0
1279,自由民主党,Defence,486,135,79348,266,79
1279,自由民主党,NuclearPower,116,6,3097,10,15
1279,自由民主党,FamilySeparate,19,0,0,0,0
1279,自由民主党,LGBT,2,2,1220,2,0
1304,自由民主党,Defence,2,0,0,0,0
1304,自由民主党,NuclearPower,2,0,0,0,0
1304,自由民主党,FamilySeparate,0,0,0,0,0
1304,自由民主党,LGBT,0,0,0,0,0
1313,立憲民主党,Defence,1035,46,19878,73,0
1313,立憲民主党,NuclearPower,63,8,4249,23,0
1313,立憲民主党,FamilySeparate,6,0,0,0,0
1313,立憲民主党,LGBT,0,0,0,0,0
1314,立憲民主党,Defence,38,0,0,0,0
1314,立憲民主党,NuclearPower,14,0,0,0,0
1314,立憲民主党,FamilySeparate,0,0,0,0,0
1314,立憲民主党,LGBT,0,0,0,0,0
1343,国民民主党,Defence,72,18,10867,43,0
1343,国民民主党,NuclearPower,74,7,6804,9,0
1343,国民民主党,FamilySeparate,0,0,0,0,0
1343,国民民主党,LGBT,0,0,0,0,0
1345,自由民主党,Defence,75,5,2585,6,4
1345,自由民主党,NuclearPower,8,0,0,0,0
1345,自由民主党,FamilySeparate,23,5,3425,7,4
1345,自由民主党,LGBT,2,1,390,1,0
1346,自由民主党,Defence,7,0,0,0,0
1346,自由民主党,NuclearPower,0,0,0,0,0
1346,自由民主党,FamilySeparate,0,0,0,0,0
1346,自由民主党,LGBT,0,0,0,0,0
1348,自由民主党,Defence,16,4,1946,4,0
1348,自由民主党,NuclearPower,33,0,0,0,0
1348,自由民主党,FamilySeparate,0,0,0,0,0
1348,自由民主党,LGBT,0,0,0,0,0
1351,自由民主党,Defence,15,2,823,2,0
1351,自由民主党,NuclearPower,4,2,641,2,0
1351,自由民主党,FamilySeparate,0,0,0,0,0
1351,自由民主党,LGBT,0,0,0,0,0
1356,自由民主党,Defence,7,3,2353,4,0
1356,自由民主党,NuclearPower,3,3,1780,6,0
1356,自由民主党,FamilySeparate,0,0,0,0,0
1356,自由民主党,LGBT,0,0,0,0,0
1363,自由民主党,Defence,52,27,16247,56,1
1363,自由民主党,NuclearPower,1,0,0,0,0
1363,自由民主党,FamilySeparate,0,0,0,0,0
1363,自由民主党,LGBT,0,0,0,0,0
1373,自由民主党,Defence,172,19,17245,51,13
1373,自由民主党,NuclearPower,41,14,19918,24,16
1373,自由民主党,FamilySeparate,0,0,0,0,0
1373,自由民主党,LGBT,0,0,0,0,0
1382,自由民主党,Defence,175,1,1494,2,2
1382,自由民主党,NuclearPower,5,1,1494,1,0
1382,自由民主党,FamilySeparate,0,0,0,0,0
1382,自由民主党,LGBT,1,1,67,1,0
1387,公明党,Defence,149,7,54783,45,0
1387,公明党,NuclearPower,31,2,19346,3,0
1387,公明党,FamilySeparate,2,1,4859,1,0
1387,公明党,LGBT,0,0,0,0,0
1389,立憲民主党,Defence,54,36,18262,59,0
1389,立憲民主党,NuclearPower,15,2,1267,2,0
1389,立憲民主党,FamilySeparate,0,0,0,0,0
1389,立憲民主党,LGBT,0,0,0,0,0
1393,立憲民主党,Defence,55,19,15774,33,0
1393,立憲民主党,NuclearPower,10,2,771,4,0
1393,立憲民主党,FamilySeparate,4,1,1075,1,0
1393,立憲民主党,LGBT,3,3,1644,3,0
1404,自由民主党,Defence,3,0,0,0,0
1404,自由民主党,NuclearPower,0,0,0,0,0
1404,自由民主党,FamilySeparate,1,0,0,0,0
1404,自由民主党,LGBT,0,0,0,0,0
1413,立憲民主党,Defence,14,5,3711,7,0
1413,立憲民主党,NuclearPower,0,0,0,0,0
1413,立憲民主党,FamilySeparate,0,0,0,0,0
1413,立憲民主党,LGBT,0,0,0,0,0
1417,自由民主党,Defence,28,7,7714,8,4
1417,自由民主党,NuclearPower,14,0,0,0,0
1417,自由民主党,FamilySeparate,0,0,0,0,0
1417,自由民主党,LGBT,0,0,0,0,0
1430,自由民主党,Defence,99,40,21947,94,0
1430,自由民主党,NuclearPower,1,1,691,2,0
1430,自由民主党,FamilySeparate,0,0,0,0,0
1430,自由民主党,LGBT,0,0,0,0,0
1433,自由民主党,Defence,15,5,13364,9,3
1433,自由民主党,NuclearPower,35,3,12631,3,2
1433,自由民主党,FamilySeparate,0,0,0,0,0
1433,自由民主党,LGBT,4,4,704,4,0
1434,立憲民主党,Defence,49,1,552,1,0
1434,立憲民主党,NuclearPower,12,0,0,0,0
1434,立憲民主党,FamilySeparate,0,0,0,0,0
1434,立憲民主党,LGBT,0,0,0,0,0
1450,立憲民主党,Defence,129,21,11111,21,0
1450,立憲民主党,NuclearPower,288,0,0,0,0
1450,立憲民主党,FamilySeparate,0,0,0,0,0
1450,立憲民主党,LGBT,0,0,0,0,0
1470,自由民主党,Defence,7,2,943,4,3
1470,自由民主党,NuclearPower,1,1,506,2,0
1470,自由民主党,FamilySeparate,0,0,0,0,0
1470,自由民主党,LGBT,0,0,0,0,0
1483,自由民主党,Defence,907,11,7181,13,6
1483,自由民主党,NuclearPower,76,4,2828,4,3
1483,自由民主党,FamilySeparate,2,1,644,1,0
1483,自由民主党,LGBT,1,0,0,0,0
1485,自由民主党,Defence,185,82,51186,120,70
1485,自由民主党,NuclearPower,15,0,0,0,0
1485,自由民主党,FamilySeparate,0,0,0,0,0
1485,自由民主党,LGBT,0,0,0,0,0
1487,自由民主党,Defence,143,0,0,0,0
1487,自由民主党,NuclearPower,41,0,0,0,0
1487,自由民主党,FamilySeparate,0,0,0,0,0
1487,自由民主党,LGBT,0,0,0,0,0
1496,日本維新の会,Defence,144,142,157465,487,0
1496,日本維新の会,NuclearPower,6,6,9827,6,0
1496,日本維新の会,FamilySeparate,0,0,0,0,0
1496,日本維新の会,LGBT,0,0,0,0,0
1501,自由民主党,Defence,99,0,0,0,0
1501,自由民主党,NuclearPower,50,0,0,0,0
1501,自由民主党,FamilySeparate,0,0,0,0,0
1501,自由民主党,LGBT,0,0,0,0,0
1505,自由民主党,Defence,228,38,12110,77,0
1505,自由民主党,NuclearPower,150,0,0,0,0
1505,自由民主党,FamilySeparate,4,0,0,0,0
1505,自由民主党,LGBT,1,0,0,0,0
1516,自由民主党,Defence,31,3,3379,7,0
1516,自由民主党,NuclearPower,0,0,0,0,0
1516,自由民主党,FamilySeparate,0,0,0,0,0
1516,自由民主党,LGBT,0,0,0,0,0
1522,自由民主党,Defence,22,3,3225,5,2
1522,自由民主党,NuclearPower,3,0,0,0,0
1522,自由民主党,FamilySeparate,0,0,0,0,0
1522,自由民主党,LGBT,0,0,0,0,0
1524,立憲民主党,Defence,40,4,3088,4,0
1524,立憲民主党,NuclearPower,38,1,1758,1,0
1524,立憲民主党,FamilySeparate,6,4,2854,9,0
1524,立憲民主党,LGBT,6,0,0,0,0
1538,自由民主党,Defence,11,7,4348,14,0
1538,自由民主党,NuclearPower,3,1,295,2,0
1538,自由民主党,FamilySeparate,2,2,1023,5,0
1538,自由民主党,LGBT,10,9,4119,9,1
1543,立憲民主党,Defence,7,0,0,0,0
1543,立憲民主党,NuclearPower,0,0,0,0,0
1543,立憲民主党,FamilySeparate,0,0,0,0,0
1543,立憲民主党,LGBT,0,0,0,0,0
1549,国民民主党,Defence,18,3,4491,5,0
1549,国民民主党,NuclearPower,15,0,0,0,0
1549,国民民主党,FamilySeparate,0,0,0,0,0
1549,国民民主党,LGBT,0,0,0,0,0
1553,立憲民主党,Defence,3,3,7011,5,0
1553,立憲民主党,NuclearPower,5,5,4455,7,0
1553,立憲民主党,FamilySeparate,0,0,0,0,0
1553,立憲民主党,LGBT,0,0,0,0,0
1558,立憲民主党,Defence,25,13,6687,14,0
1558,立憲民主党,NuclearPower,5,5,3034,7,0
1558,立憲民主党,FamilySeparate,26,7,6002,13,0
1558,立憲民主党,LGBT,4,4,2257,4,0
1566,立憲民主党,Defence,54,0,0,0,0
1566,立憲民主党,NuclearPower,3,0,0,0,0
1566,立憲民主党,FamilySeparate,0,0,0,0,0
1566,立憲民主党,LGBT,0,0,0,0,0
1569,立憲民主党,Defence,374,78,58181,212,0
1569,立憲民主党,NuclearPower,28,3,5561,9,0
1569,立憲民主党,FamilySeparate,0,0,0,0,0
1569,立憲民主党,LGBT,0,0,0,0,0
1572,自由民主党,Defence,2,2,1729,3,0
1572,自由民主党,NuclearPower,0,0,0,0,0
1572,自由民主党,FamilySeparate,0,0,0,0,0
1572,自由民主党,LGBT,0,0,0,0,0
1585,自由民主党,Defence,29,7,3821,14,0
1585,自由民主党,NuclearPower,12,0,0,0,0
1585,自由民主党,FamilySeparate,0,0,0,0,0
1585,自由民主党,LGBT,0,0,0,0,0
1587,日本維新の会,Defence,87,35,34484,62,0
1587,日本維新の会,NuclearPower,9,8,13752,15,0
1587,日本維新の会,FamilySeparate,1,0,0,0,0
1587,日本維新の会,LGBT,0,0,0,0,0
1593,自由民主党,Defence,22,3,6614,4,4
1593,自由民主党,NuclearPower,28,9,5151,16,1
1593,自由民主党,FamilySeparate,0,0,0,0,0
1593,自由民主党,LGBT,0,0,0,0,0
1605,立憲民主党,Defence,23,20,19880,28,0
1605,立憲民主党,NuclearPower,4,3,2898,6,0
1605,立憲民主党,FamilySeparate,1,1,280,1,0
1605,立憲民主党,LGBT,0,0,0,0,0
1614,自由民主党,Defence,62,22,16183,54,1
1614,自由民主党,NuclearPower,1,0,0,0,0
1614,自由民主党,FamilySeparate,0,0,0,0,0
1614,自由民主党,LGBT,0,0,0,0,0
1619,立憲民主党,Defence,80,48,48710,104,0
1619,立憲民主党,NuclearPower,17,2,925,3,0
1619,立憲民主党,FamilySeparate,0,0,0,0,0
1619,立憲民主党,LGBT,0,0,0,0,0
1630,立憲民主党,Defence,18,18,18619,35,0
1630,立憲民主党,NuclearPower,18,12,11316,19,0
1630,立憲民主党,FamilySeparate,0,0,0,0,0
1630,立憲民主党,LGBT,0,0,0,0,0
1640,自由民主党,Defence,10,4,4027,8,0
1640,自由民主党,NuclearPower,0,0,0,0,0
1640,自由民主党,FamilySeparate,0,0,0,0,0
1640,自由民主党,LGBT,0,0,0,0,0
1641,自由民主党,Defence,35,6,6158,35,0
1641,自由民主党,NuclearPower,0,0,0,0,0
1641,自由民主党,FamilySeparate,0,0,0,0,0
1641,自由民主党,LGBT,0,0,0,0,0
1645,自由民主党,Defence,138,13,12093,34,0
1645,自由民主党,NuclearPower,50,2,2099,2,0
1645,自由民主党,FamilySeparate,0,0,0,0,0
1645,自由民主党,LGBT,0,0,0,0,0
1651,立憲民主党,Defence,15,12,18519,34,0
1651,立憲民主党,NuclearPower,42,10,5285,18,0
1651,立憲民主党,FamilySeparate,1,1,4466,1,0
1651,立憲民主党,LGBT,2,2,5371,5,0
1655,立憲民主党,Defence,531,22,10873,46,0
1655,立憲民主党,NuclearPower,10,1,906,1,0
1655,立憲民主党,FamilySeparate,4,0,0,0,0
1655,立憲民主党,LGBT,1,0,0,0,0
1672,自由民主党,Defence,4910,9,12149,23,0
1672,自由民主党,NuclearPower,29,0,0,0,0
1672,自由民主党,FamilySeparate,1,0,0,0,0
1672,自由民主党,LGBT,1,0,0,0,0
1701,自由民主党,Defence,5,5,6296,7,0
1701,自由民主党,NuclearPower,0,0,0,0,0
1701,自由民主党,FamilySeparate,0,0,0,0,0
1701,自由民主党,LGBT,0,0,0,0,0
1706,自由民主党,Defence,35,3,4045,4,0
1706,自由民主党,NuclearPower,42,3,3293,5,1
1706,自由民主党,FamilySeparate,0,0,0,0,0
1706,自由民主党,LGBT,0,0,0,0,0
1711,日本維新の会,Defence,320,67,71783,145,0
1711,日本維新の会,NuclearPower,309,47,40564,96,0
1711,日本維新の会,FamilySeparate,25,1,602,2,0
1711,日本維新の会,LGBT,0,0,0,0,0
1716,日本維新の会,Defence,19,19,9401,31,0
1716,日本維新の会,NuclearPower,4,4,3375,12,0
1716,日本維新の会,FamilySeparate,0,0,0,0,0
1716,日本維新の会,LGBT,0,0,0,0,0
1735,自由民主党,Defence,62,6,4466,7,0
1735,自由民主党,NuclearPower,6,1,982,1,1
1735,自由民主党,FamilySeparate,0,0,0,0,0
1735,自由民主党,LGBT,0,0,0,0,0
1753,自由民主党,Defence,7,2,987,2,0
1753,自由民主党,NuclearPower,5,2,2138,3,0
1753,自由民主党,FamilySeparate,0,0,0,0,0
1753,自由民主党,LGBT,0,0,0,0,0
1761,自由民主党,Defence,1,1,1117,1,0
1761,自由民主党,NuclearPower,1,0,0,0,0
1761,自由民主党,FamilySeparate,1,0,0,0,0
1761,自由民主党,LGBT,0,0,0,0,0
1762,自由民主党,Defence,1194,36,11428,47,0
1762,自由民主党,NuclearPower,28,0,0,0,0
1762,自由民主党,FamilySeparate,0,0,0,0,0
1762,自由民主党,LGBT,0,0,0,0,0
1765,立憲民主党,Defence,60,33,41297,98,0
1765,立憲民主党,NuclearPower,20,2,3415,2,0
1765,立憲民主党,FamilySeparate,0,0,0,0,0
1765,立憲民主党,LGBT,2,2,669,3,0
1767,自由民主党,Defence,3,1,194,1,0
1767,自由民主党,NuclearPower,5,3,4630,16,0
1767,自由民主党,FamilySeparate,0,0,0,0,0
1767,自由民主党,LGBT,0,0,0,0,0
1768,自由民主党,Defence,19,3,774,5,0
1768,自由民主党,NuclearPower,32,0,0,0,0
1768,自由民主党,FamilySeparate,0,0,0,0,0
1768,自由民主党,LGBT,0,0,0,0,0
1770,自由民主党,Defence,59,8,10109,10,1
1770,自由民主党,NuclearPower,3,0,0,0,0
1770,自由民主党,FamilySeparate,9,4,5001,5,1
1770,自由民主党,LGBT,5,0,0,0,5
1778,自由民主党,Defence,10,1,704,1,0
1778,自由民主党,NuclearPower,0,0,0,0,0
1778,自由民主党,FamilySeparate,0,0,0,0,0
1778,自由民主党,LGBT,0,0,0,0,0
1782,日本維新の会,Defence,107,48,45409,107,0
1782,日本維新の会,NuclearPower,74,51,52353,88,0
1782,日本維新の会,FamilySeparate,0,0,0,0,0
1782,日本維新の会,LGBT,0,0,0,0,0
1800,日本維新の会,Defence,52,23,17191,35,0
1800,日本維新の会,NuclearPower,52,16,8032,28,0
1800,日本維新の会,FamilySeparate,0,0,0,0,0
1800,日本維新の会,LGBT,0,0,0,0,0
1815,日本維新の会,Defence,43,21,8691,24,0
1815,日本維新の会,NuclearPower,8,6,1631,8,0
1815,日本維新の会,FamilySeparate,1,1,1397,1,0
1815,日本維新の会,LGBT,0,0,0,0,0
1816,自由民主党,Defence,38,28,18043,103,0
1816,自由民主党,NuclearPower,7,6,3440,11,0
1816,自由民主党,FamilySeparate,0,0,0,0,0
1816,自由民主党,LGBT,0,0,0,0,0
1819,自由民主党,Defence,104,1,8614,12,0
1819,自由民主党,NuclearPower,278,0,0,0,0
1819,自由民主党,FamilySeparate,0,0,0,0,0
1819,自由民主党,LGBT,0,0,0,0,0
1820,自由民主党,Defence,43,2,1317,2,0
1820,自由民主党,NuclearPower,7,0,0,0,0
1820,自由民主党,FamilySeparate,0,0,0,0,0
1820,自由民主党,LGBT,0,0,0,0,0
1822,日本維新の会,Defence,131,32,36520,52,0
1822,日本維新の会,NuclearPower,53,1,319,1,0
1822,日本維新の会,FamilySeparate,0,0,0,0,0
1822,日本維新の会,LGBT,0,0,0,0,0
1823,自由民主党,Defence,12,7,1567,8,0
1823,自由民主党,NuclearPower,15,0,0,0,0
1823,自由民主党,FamilySeparate,0,0,0,0,0
1823,自由民主党,LGBT,0,0,0,0,0
1826,自由民主党,Defence,17,2,2624,2,0
1826,自由民主党,NuclearPower,2,0,0,0,0
1826,自由民主党,FamilySeparate,1,0,0,0,0
1826,自由民主党,LGBT,0,0,0,0,0
1827,日本維新の会,Defence,70,70,59051,130,0
1827,日本維新の会,NuclearPower,9,9,5748,15,0
1827,日本維新の会,FamilySeparate,5,5,2353,9,0
1827,日本維新の会,LGBT,2,2,1234,3,0
1858,公明党,Defence,58,50,39298,114,0
1858,公明党,NuclearPower,14,14,8819,27,0
1858,公明党,FamilySeparate,0,0,0,0,0
1858,公明党,LGBT,0,0,0,0,0
1868,日本維新の会,Defence,3,1,1247,2,0
1868,日本維新の会,NuclearPower,1,1,1247,1,0
1868,日本維新の会,FamilySeparate,1,1,1320,1,0
1868,日本維新の会,LGBT,0,0,0,0,0
1874,自由民主党,Defence,1260,9,8885,37,0
1874,自由民主党,NuclearPower,17,0,0,0,0
1874,自由民主党,FamilySeparate,4,0,0,0,0
1874,自由民主党,LGBT,0,0,0,0,0
1887,自由民主党,Defence,10,7,7126,8,0
1887,自由民主党,NuclearPower,0,0,0,0,0
1887,自由民主党,FamilySeparate,0,0,0,0,0
1887,自由民主党,LGBT,0,0,0,0,0
1901,立憲民主党,Defence,177,130,83524,273,0
1901,立憲民主党,NuclearPower,1,1,619,1,0
1901,立憲民主党,FamilySeparate,0,0,0,0,0
1901,立憲民主党,LGBT,0,0,0,0,0
1902,自由民主党,Defence,158,26,59422,153,0
1902,自由民主党,NuclearPower,25,1,160,1,0
1902,自由民主党,FamilySeparate,0,0,0,0,0
1902,自由民主党,LGBT,2,2,533,5,0
1903,自由民主党,Defence,35,1,1910,1,0
1903,自由民主党,NuclearPower,9,0,0,0,0
1903,自由民主党,FamilySeparate,0,0,0,0,0
1903,自由民主党,LGBT,0,0,0,0,0
1904,自由民主党,Defence,33,2,5166,11,0
1904,自由民主党,NuclearPower,63,1,2934,1,0
1904,自由民主党,FamilySeparate,0,0,0,0,0
1904,自由民主党,LGBT,0,0,0,0,0
1905,自由民主党,Defence,69,25,19909,53,6
1905,自由民主党,NuclearPower,0,0,0,0,0
1905,自由民主党,FamilySeparate,1,1,806,1,0
1905,自由民主党,LGBT,4,2,1233,3,2
1910,立憲民主党,Defence,59,37,18770,67,0
1910,立憲民主党,NuclearPower,9,0,0,0,0
1910,立憲民主党,FamilySeparate,0,0,0,0,0
1910,立憲民主党,LGBT,0,0,0,0,0
1913,自由民主党,Defence,7,7,6135,12,0
1913,自由民主党,NuclearPower,0,0,0,0,0
1913,自由民主党,FamilySeparate,0,0,0,0,0
1913,自由民主党,LGBT,0,0,0,0,0
1914,立憲民主党,Defence,46,30,29398,50,0
1914,立憲民主党,NuclearPower,398,131,82269,352,0
1914,立憲民主党,FamilySeparate,0,0,0,0,0
1914,立憲民主党,LGBT,0,0,0,0,0
1921,無所属,Defence,46,46,35955,93,0
1921,無所属,NuclearPower,18,18,13489,28,0
1921,無所属,FamilySeparate,57,2,9930,4,0
1921,無所属,LGBT,2,2,5875,3,0
1925,自由民主党,Defence,59,0,0,0,0
1925,自由民主党,NuclearPower,6,0,0,0,0
1925,自由民主党,FamilySeparate,1,0,0,0,0
1925,自由民主党,LGBT,0,0,0,0,0
1930,自由民主党,Defence,2,1,1582,1,1
1930,自由民主党,NuclearPower,1,0,0,0,1
1930,自由民主党,FamilySeparate,0,0,0,0,0
1930,自由民主党,LGBT,0,0,0,0,0
1934,自由民主党,Defence,63,1,2144,3,0
1934,自由民主党,NuclearPower,35,0,0,0,0
1934,自由民主党,FamilySeparate,0,0,0,0,0
1934,自由民主党,LGBT,0,0,0,0,0
1938,自由民主党,Defence,16,2,1464,3,0
1938,自由民主党,NuclearPower,18,1,1263,1,0
1938,自由民主党,FamilySeparate,1,1,826,5,0
1938,自由民主党,LGBT,3,2,2862,3,0
1945,自由民主党,Defence,44,12,6762,29,1
1945,自由民主党,NuclearPower,2,0,0,0,0
1945,自由民主党,FamilySeparate,1,0,0,0,0
1945,自由民主党,LGBT,0,0,0,0,0
1958,自由民主党,Defence,37,10,12273,14,7
1958,自由民主党,NuclearPower,1,0,0,0,1
1958,自由民主党,FamilySeparate,2,2,891,2,0
1958,自由民主党,LGBT,0,0,0,0,0
1964,自由民主党,Defence,23,6,5150,11,0
1964,自由民主党,NuclearPower,1,1,683,1,0
1964,自由民主党,FamilySeparate,0,0,0,0,0
1964,自由民主党,LGBT,0,0,0,0,0
1968,日本維新の会,Defence,101,83,56186,141,0
1968,日本維新の会,NuclearPower,6,5,3654,7,0
1968,日本維新の会,FamilySeparate,0,0,0,0,0
1968,日本維新の会,LGBT,0,0,0,0,0
1972,自由民主党,Defence,13,2,4488,2,0
1972,自由民主党,NuclearPower,38,1,491,1,0
1972,自由民主党,FamilySeparate,0,0,0,0,0
1972,自由民主党,LGBT,0,0,0,0,0
1977,自由民主党,Defence,502,262,146509,494,181
1977,自由民主党,NuclearPower,21,3,1178,4,5
1977,自由民主党,FamilySeparate,0,0,0,0,0
1977,自由民主党,LGBT,1,1,379,1,0
1982,公明党,Defence,68,52,36657,113,0
1982,公明党,NuclearPower,1,1,740,2,0
1982,公明党,FamilySeparate,0,0,0,0,0
1982,公明党,LGBT,0,0,0,0,0
1994,立憲民主党,Defence,70,7,9981,9,0
1994,立憲民主党,NuclearPower,301,62,37596,125,0
1994,立憲民主党,FamilySeparate,2,0,0,0,0
1994,立憲民主党,LGBT,1,0,0,0,0
2007,立憲民主党,Defence,25,18,12660,23,0
2007,立憲民主党,NuclearPower,5,0,0,0,0
2007,立憲民主党,FamilySeparate,0,0,0,0,0
2007,立憲民主党,LGBT,0,0,0,0,0
2010,公明党,Defence,94,7,8626,16,1
2010,公明党,NuclearPower,22,0,0,0,0
2010,公明党,FamilySeparate,0,0,0,0,0
2010,公明党,LGBT,0,0,0,0,0
2013,自由民主党,Defence,8,1,1961,2,0
2013,自由民主党,NuclearPower,1,0,0,0,0
2013,自由民主党,FamilySeparate,1,0,0,0,1
2013,自由民主党,LGBT,2,0,0,0,2
2041,公明党,Defence,98,2,1399,2,0
2041,公明党,NuclearPower,160,3,2425,7,0
2041,公明党,FamilySeparate,0,0,0,0,0
2041,公明党,LGBT,0,0,0,0,0
2042,立憲民主党,Defence,29,20,17173,31,0
2042,立憲民主党,NuclearPower,1,1,177,1,0
2042,立憲民主党,FamilySeparate,0,0,0,0,0
2042,立憲民主党,LGBT,0,0,0,0,0
2052,自由民主党,Defence,90,12,8531,30,0
2052,自由民主党,NuclearPower,5,0,0,0,0
2052,自由民主党,FamilySeparate,1,0,0,0,0
2052,自由民主党,LGBT,0,0,0,0,0
2053,日本共産党,Defence,3706,378,194885,1107,0
2053,日本共産党,NuclearPower,28,1,2038,1,0
2053,日本共産党,FamilySeparate,4,1,1803,1,0
2053,日本共産党,LGBT,4,1,1803,2,0
2056,自由民主党,Defence,12,8,5511,12,0
2056,自由民主党,NuclearPower,67,5,2545,5,0
2056,自由民主党,FamilySeparate,0,0,0,0,0
2056,自由民主党,LGBT,0,0,0,0,0
2062,自由民主党,Defence,28,16,5586,21,0
2062,自由民主党,NuclearPower,2,0,0,0,0
2062,自由民主党,FamilySeparate,0,0,0,0,0
2062,自由民主党,LGBT,0,0,0,0,0
2069,国民民主党,Defence,50,47,38224,82,0
2069,国民民主党,NuclearPower,4,3,4073,8,0
2069,国民民主党,FamilySeparate,2,0,0,0,0
2069,国民民主党,LGBT,0,0,0,0,0
2083,無所属,Defence,14,11,14037,13,0
2083,無所属,NuclearPower,1,1,1556,1,0
2083,無所属,FamilySeparate,0,0,0,0,0
2083,無所属,LGBT,0,0,0,0,0
2084,自由民主党,Defence,11,5,5456,6,0
2084,自由民主党,NuclearPower,4,0,0,0,0
2084,自由民主党,FamilySeparate,0,0,0,0,0
2084,自由民主党,LGBT,0,0,0,0,0
2091,自由民主党,Defence,8,2,2078,4,0
2091,自由民主党,NuclearPower,13,3,2380,10,0
2091,自由民主党,FamilySeparate,0,0,0,0,0
2091,自由民主党,LGBT,0,0,0,0,0
2093,自由民主党,Defence,1024,0,0,0,0
2093,自由民主党,NuclearPower,69,0,0,0,0
2093,自由民主党,FamilySeparate,1,0,0,0,0
2093,自由民主党,LGBT,2,0,0,0,0
2103,自由民主党,Defence,16,3,3463,4,1
2103,自由民主党,NuclearPower,5,0,0,0,0
2103,自由民主党,FamilySeparate,0,0,0,0,0
2103,自由民主党,LGBT,0,0,0,0,0
2111,公明党,Defence,21,0,0,0,0
2111,公明党,NuclearPower,3,0,0,0,0
2111,公明党,FamilySeparate,0,0,0,0,0
2111,公明党,LGBT,0,0,0,0,0
2117,日本維新の会,Defence,19,19,12242,41,0
2117,日本維新の会,NuclearPower,0,0,0,0,0
2117,日本維新の会,FamilySeparate,0,0,0,0,0
2117,日本維新の会,LGBT,0,0,0,0,0
2118,日本共産党,Defence,271,26,47551,177,0
2118,日本共産党,NuclearPower,33,4,18620,16,0
2118,日本共産党,FamilySeparate,3,1,4257,4,0
2118,日本共産党,LGBT,1,0,0,0,0
2120,日本維新の会,Defence,42,42,57519,108,0
2120,日本維新の会,NuclearPower,47,46,50315,99,1
2120,日本維新の会,FamilySeparate,0,0,0,0,0
2120,日本維新の会,LGBT,1,1,2231,1,0
2129,自由民主党,Defence,6,1,803,1,0
2129,自由民主党,NuclearPower,0,0,0,0,0
2129,自由民主党,FamilySeparate,0,0,0,0,0
2129,自由民主党,LGBT,0,0,0,0,0
2131,立憲民主党,Defence,281,47,21368,77,0
2131,立憲民主党,NuclearPower,26,1,852,3,0
2131,立憲民主党,FamilySeparate,6,0,0,0,0
2131,立憲民主党,LGBT,1,1,423,1,0
2143,日本維新の会,Defence,23,23,11982,39,0
2143,日本維新の会,NuclearPower,11,10,3991,24,0
2143,日本維新の会,FamilySeparate,0,0,0,0,0
2143,日本維新の会,LGBT,0,0,0,0,0
2171,無所属,Defence,109,67,84423,209,0
2171,無所属,NuclearPower,53,1,1112,1,0
2171,無所属,FamilySeparate,0,0,0,0,0
2171,無所属,LGBT,0,0,0,0,0
2172,国民民主党,Defence,43,28,18896,41,0
2172,国民民主党,NuclearPower,2,0,0,0,0
2172,国民民主党,FamilySeparate,2,2,488,2,0
2172,国民民主党,LGBT,0,0,0,0,0
2177,自由民主党,Defence,194,60,57155,71,41
2177,自由民主党,NuclearPower,347,169,109026,305,114
2177,自由民主党,FamilySeparate,0,0,0,0,0
2177,自由民主党,LGBT,1,0,0,0,0
2181,自由民主党,Defence,5,1,1837,10,0
2181,自由民主党,NuclearPower,1,0,0,0,0
2181,自由民主党,FamilySeparate,0,0,0,0,0
2181,自由民主党,LGBT,0,0,0,0,0
2186,日本維新の会,Defence,145,145,70928,271,0
2186,日本維新の会,NuclearPower,3,3,2395,4,0
2186,日本維新の会,FamilySeparate,0,0,0,0,0
2186,日本維新の会,LGBT,0,0,0,0,0
2189,自由民主党,Defence,132,0,0,0,0
2189,自由民主党,NuclearPower,3,0,0,0,0
2189,自由民主党,FamilySeparate,0,0,0,0,0
2189,自由民主党,LGBT,0,0,0,0,0
2191,立憲民主党,Defence,138,6,4309,6,0
2191,立憲民主党,NuclearPower,7,0,0,0,0
2191,立憲民主党,FamilySeparate,0,0,0,0,0
2191,立憲民主党,LGBT,0,0,0,0,0
2192,自由民主党,Defence,4,1,1303,1,0
2192,自由民主党,NuclearPower,2,2,1146,2,0
2192,自由民主党,FamilySeparate,0,0,0,0,0
2192,自由民主党,LGBT,0,0,0,0,0
2229,自由民主党,Defence,37,0,0,0,0
2229,自由民主党,NuclearPower,12,0,0,0,0
2229,自由民主党,FamilySeparate,0,0,0,0,0
2229,自由民主党,LGBT,0,0,0,0,0
2239,自由民主党,Defence,193,22,9716,28,4
2239,自由民主党,NuclearPower,27,4,1321,5,3
2239,自由民主党,FamilySeparate,1,0,0,0,0
2239,自由民主党,LGBT,0,0,0,0,0
2249,自由民主党,Defence,5,3,915,3,0
2249,自由民主党,NuclearPower,0,0,0,0,0
2249,自由民主党,FamilySeparate,1,0,0,0,0
2249,自由民主党,LGBT,0,0,0,0,0
2264,無所属,Defence,60,22,20351,58,0
2264,無所属,NuclearPower,59,27,26199,51,0
2264,無所属,FamilySeparate,0,0,0,0,0
2264,無所属,LGBT,0,0,0,0,0
2268,自由民主党,Defence,43,20,15508,55,1
2268,自由民主党,NuclearPower,4,2,1618,2,0
2268,自由民主党,FamilySeparate,0,0,0,0,0
2268,自由民主党,LGBT,0,0,0,0,0
2289,立憲民主党,Defence,349,12,9080,31,0
2289,立憲民主党,NuclearPower,684,14,8075,29,0
2289,立憲民主党,FamilySeparate,38,0,0,0,0
2289,立憲民主党,LGBT,1,0,0,0,0
2291,自由民主党,Defence,34,29,15170,57,1
2291,自由民主党,NuclearPower,9,0,0,0,0
2291,自由民主党,FamilySeparate,0,0,0,0,0
2291,自由民主党,LGBT,0,0,0,0,0
2306,自由民主党,Defence,0,0,0,0,0
2306,自由民主党,NuclearPower,4,4,1850,6,0
2306,自由民主党,FamilySeparate,0,0,0,0,0
2306,自由民主党,LGBT,0,0,0,0,0
2317,自由民主党,Defence,22,0,0,0,0
2317,自由民主党,NuclearPower,7,0,0,0,0
2317,自由民主党,FamilySeparate,0,0,0,0,0
2317,自由民主党,LGBT,0,0,0,0,0
2321,自由民主党,Defence,6,1,123,1,0
2321,自由民主党,NuclearPower,18,0,0,0,0
2321,自由民主党,FamilySeparate,0,0,0,0,0
2321,自由民主党,LGBT,0,0,0,0,0
2324,日本維新の会,Defence,43,21,94506,119,0
2324,日本維新の会,NuclearPower,14,4,24921,11,0
2324,日本維新の会,FamilySeparate,1,0,0,0,0
2324,日本維新の会,LGBT,0,0,0,0,0
2336,日本維新の会,Defence,65,23,25265,37,0
2336,日本維新の会,NuclearPower,1,1,780,2,0
2336,日本維新の会,FamilySeparate,0,0,0,0,0
2336,日本維新の会,LGBT,0,0,0,0,0
2337,自由民主党,Defence,12,2,2581,3,0
2337,自由民主党,NuclearPower,16,0,0,0,0
2337,自由民主党,FamilySeparate,0,0,0,0,0
2337,自由民主党,LGBT,0,0,0,0,0
2338,国民民主党,Defence,42,22,14383,29,0
2338,国民民主党,NuclearPower,9,7,6807,7,0
2338,国民民主党,FamilySeparate,3,2,804,3,0
2338,国民民主党,LGBT,0,0,0,0,0
2342,公明党,Defence,21,11,8348,16,0
2342,公明党,NuclearPower,32,0,0,0,0
2342,公明党,FamilySeparate,10,2,2157,2,0
2342,公明党,LGBT,8,6,8193,33,0
2353,自由民主党,Defence,56,40,19200,41,0
2353,自由民主党,NuclearPower,102,4,2595,4,0
2353,自由民主党,FamilySeparate,0,0,0,0,0
2353,自由民主党,LGBT,0,0,0,0,0
2362,自由民主党,Defence,8,1,332,1,0
2362,自由民主党,NuclearPower,17,3,2606,5,0
2362,自由民主党,FamilySeparate,2,0,0,0,0
2362,自由民主党,LGBT,0,0,0,0,0
2376,自由民主党,Defence,143,19,8977,23,0
2376,自由民主党,NuclearPower,29,2,869,2,0
2376,自由民主党,FamilySeparate,9,0,0,0,0
2376,自由民主党,LGBT,0,0,0,0,0
2377,日本共産党,Defence,660,114,42015,211,0
2377,日本共産党,NuclearPower,538,9,4501,9,0
2377,日本共産党,FamilySeparate,5,5,2321,6,0
2377,日本共産党,LGBT,7,7,3944,9,0
2379,立憲民主党,Defence,611,87,36813,127,0
2379,立憲民主党,NuclearPower,189,22,11581,46,0
2379,立憲民主党,FamilySeparate,3,0,0,0,0
2379,立憲民主党,LGBT,0,0,0,0,0
2380,自由民主党,Defence,5,0,0,0,0
2380,自由民主党,NuclearPower,1,0,0,0,0
2380,自由民主党,FamilySeparate,0,0,0,0,0
2380,自由民主党,LGBT,0,0,0,0,0
2381,公明党,Defence,6,6,5372,18,0
2381,公明党,NuclearPower,0,0,0,0,0
2381,公明党,FamilySeparate,0,0,0,0,0
2381,公明党,LGBT,1,1,1022,5,0
2382,立憲民主党,Defence,25,4,2131,6,0
2382,立憲民主党,NuclearPower,18,0,0,0,0
2382,立憲民主党,FamilySeparate,18,0,0,0,0
2382,立憲民主党,LGBT,0,0,0,0,0
2399,立憲民主党,Defence,5,4,5235,4,0
2399,立憲民主党,NuclearPower,0,0,0,0,0
2399,立憲民主党,FamilySeparate,0,0,0,0,0
2399,立憲民主党,LGBT,0,0,0,0,0
2416,立憲民主党,Defence,71,26,21852,32,0
2416,立憲民主党,NuclearPower,35,2,1337,2,0
2416,立憲民主党,FamilySeparate,0,0,0,0,0
2416,立憲民主党,LGBT,0,0,0,0,0
2422,自由民主党,Defence,5,1,1536,7,0
2422,自由民主党,NuclearPower,8,2,1538,3,0
2422,自由民主党,FamilySeparate,0,0,0,0,0
2422,自由民主党,LGBT,0,0,0,0,0
2429,自由民主党,Defence,10,0,0,0,0
2429,自由民主党,NuclearPower,15,0,0,0,0
2429,自由民主党,FamilySeparate,0,0,0,0,0
2429,自由民主党,LGBT,0,0,0,0,0
2433,立憲民主党,Defence,18,16,14109,25,0
2433,立憲民主党,NuclearPower,30,26,19897,42,0
2433,立憲民主党,FamilySeparate,0,0,0,0,0
2433,立憲民主党,LGBT,0,0,0,0,0
2438,無所属,Defence,7,2,2381,3,0
2438,無所属,NuclearPower,0,0,0,0,0
2438,無所属,FamilySeparate,0,0,0,0,0
2438,無所属,LGBT,0,0,0,0,0
2444,公明党,Defence,32,25,13234,78,0
2444,公明党,NuclearPower,2,1,1287,1,0
2444,公明党,FamilySeparate,1,1,700,1,0
2444,公明党,LGBT,0,0,0,0,0
2446,立憲民主党,Defence,89,1,912,1,0
2446,立憲民主党,NuclearPower,19,2,2202,4,0
2446,立憲民主党,FamilySeparate,0,0,0,0,0
2446,立憲民主党,LGBT,0,0,0,0,0
2449,立憲民主党,Defence,62,56,32734,114,0
2449,立憲民主党,NuclearPower,3,3,1947,4,0
2449,立憲民主党,FamilySeparate,0,0,0,0,0
2449,立憲民主党,LGBT,11,9,4656,13,0
2454,立憲民主党,Defence,25,9,12644,14,0
2454,立憲民主党,NuclearPower,13,10,7607,13,0
2454,立憲民主党,FamilySeparate,0,0,0,0,0
2454,立憲民主党,LGBT,0,0,0,0,0
2471,自由民主党,Defence,56,20,14347,31,10
2471,自由民主党,NuclearPower,57,3,1517,4,0
2471,自由民主党,FamilySeparate,2,0,0,0,2
2471,自由民主党,LGBT,0,0,0,0,0
2494,立憲民主党,Defence,68,10,5398,19,0
2494,立憲民主党,NuclearPower,56,0,0,0,0
2494,立憲民主党,FamilySeparate,0,0,0,0,0
2494,立憲民主党,LGBT,0,0,0,0,0
2495,自由民主党,Defence,5,1,1060,1,0
2495,自由民主党,NuclearPower,18,6,5822,12,0
2495,自由民主党,FamilySeparate,0,0,0,0,0
2495,自由民主党,LGBT,0,0,0,0,0
2527,自由民主党,Defence,18,8,5891,10,1
2527,自由民主党,NuclearPower,10,7,4219,10,0
2527,自由民主党,FamilySeparate,0,0,0,0,0
2527,自由民主党,LGBT,0,0,0,0,0
2542,自由民主党,Defence,1,1,507,2,0
2542,自由民主党,NuclearPower,2,2,886,2,0
2542,自由民主党,FamilySeparate,0,0,0,0,0
2542,自由民主党,LGBT,0,0,0,0,0
2546,立憲民主党,Defence,270,0,0,0,0
2546,立憲民主党,NuclearPower,25,0,0,0,0
2546,立憲民主党,FamilySeparate,0,0,0,0,0
2546,立憲民主党,LGBT,0,0,0,0,0
2571,立憲民主党,Defence,470,31,22879,68,0
2571,立憲民主党,NuclearPower,47,0,0,0,0
2571,立憲民主党,FamilySeparate,2,0,0,0,0
2571,立憲民主党,LGBT,0,0,0,0,0
2584,自由民主党,Defence,42,1,675,1,1
2584,自由民主党,NuclearPower,20,6,8379,9,9
2584,自由民主党,FamilySeparate,3,0,0,0,0
2584,自由民主党,LGBT,0,0,0,0,0
2623,日本共産党,Defence,125,18,13328,40,0
2623,日本共産党,NuclearPower,7,1,2143,1,0
2623,日本共産党,FamilySeparate,40,14,5294,22,0
2623,日本共産党,LGBT,6,5,4631,12,0
2639,公明党,Defence,17,12,10113,29,0
2639,公明党,NuclearPower,22,21,14828,33,0
2639,公明党,FamilySeparate,0,0,0,0,0
2639,公明党,LGBT,1,1,999,1,0
2645,自由民主党,Defence,87,0,0,0,0
2645,自由民主党,NuclearPower,70,0,0,0,0
2645,自由民主党,FamilySeparate,0,0,0,0,0
2645,自由民主党,LGBT,0,0,0,0,0
2655,立憲民主党,Defence,39,22,15747,32,0
2655,立憲民主党,NuclearPower,6,0,0,0,0
2655,立憲民主党,FamilySeparate,9,0,0,0,0
2655,立憲民主党,LGBT,0,0,0,0,0
2663,立憲民主党,Defence,488,12,8628,20,0
2663,立憲民主党,NuclearPower,592,31,17415,83,0
2663,立憲民主党,FamilySeparate,1,0,0,0,0
2663,立憲民主党,LGBT,0,0,0,0,0
2668,自由民主党,Defence,16,0,0,0,0
2668,自由民主党,NuclearPower,1,0,0,0,0
2668,自由民主党,FamilySeparate,0,0,0,0,0
2668,自由民主党,LGBT,0,0,0,0,0
2670,自由民主党,Defence,24,6,5684,24,0
2670,自由民主党,NuclearPower,3,3,2207,4,0
2670,自由民主党,FamilySeparate,0,0,0,0,0
2670,自由民主党,LGBT,0,0,0,0,0
2718,立憲民主党,Defence,93,73,48731,206,0
2718,立憲民主党,NuclearPower,4,4,2787,6,0
2718,立憲民主党,FamilySeparate,6,6,3747,10,0
2718,立憲民主党,LGBT,5,5,2800,6,0
2722,自由民主党,Defence,5,3,2618,3,0
2722,自由民主党,NuclearPower,2,2,2948,2,0
2722,自由民主党,FamilySeparate,0,0,0,0,0
2722,自由民主党,LGBT,0,0,0,0,0
2729,自由民主党,Defence,86,28,18106,56,5
2729,自由民主党,NuclearPower,0,0,0,0,0
2729,自由民主党,FamilySeparate,0,0,0,0,0
2729,自由民主党,LGBT,0,0,0,0,0
2732,日本共産党,Defence,560,106,70087,250,0
2732,日本共産党,NuclearPower,22,9,14989,9,0
2732,日本共産党,FamilySeparate,2,2,3878,6,0
2732,日本共産党,LGBT,3,3,849,4,0
2741,立憲民主党,Defence,202,62,26653,75,0
2741,立憲民主党,NuclearPower,36,3,710,3,0
2741,立憲民主党,FamilySeparate,0,0,0,0,0
2741,立憲民主党,LGBT,0,0,0,0,0
2743,立憲民主党,Defence,76,15,14012,23,0
2743,立憲民主党,NuclearPower,11,5,6622,15,0
2743,立憲民主党,FamilySeparate,0,0,0,0,0
2743,立憲民主党,LGBT,0,0,0,0,0
2753,公明党,Defence,19,5,6370,5,0
2753,公明党,NuclearPower,7,4,3953,10,0
2753,公明党,FamilySeparate,0,0,0,0,0
2753,公明党,LGBT,0,0,0,0,0
2760,自由民主党,Defence,312,132,101286,264,132
2760,自由民主党,NuclearPower,4,2,915,2,0
2760,自由民主党,FamilySeparate,29,0,0,0,0
2760,自由民主党,LGBT,8,0,0,0,0
2765,自由民主党,Defence,7,6,3000,9,1
2765,自由民主党,NuclearPower,1,0,0,0,1
2765,自由民主党,FamilySeparate,0,0,0,0,0
2765,自由民主党,LGBT,0,0,0,0,0
2813,自由民主党,Defence,167,18,19844,32,0
2813,自由民主党,NuclearPower,60,1,384,1,0
2813,自由民主党,FamilySeparate,0,0,0,0,0
2813,自由民主党,LGBT,0,0,0,0,0
2816,自由民主党,Defence,155,75,31343,141,56
2816,自由民主党,NuclearPower,37,3,927,6,4
2816,自由民主党,FamilySeparate,0,0,0,0,0
2816,自由民主党,LGBT,11,11,2965,12,0
2818,自由民主党,Defence,20,0,0,0,0
2818,自由民主党,NuclearPower,16,0,0,0,0
2818,自由民主党,FamilySeparate,10,0,0,0,0
2818,自由民主党,LGBT,0,0,0,0,0
2824,国民民主党,Defence,101,86,63916,130,0
2824,国民民主党,NuclearPower,41,17,15775,27,0
2824,国民民主党,FamilySeparate,0,0,0,0,0
2824,国民民主党,LGBT,0,0,0,0,0
2826,公明党,Defence,57,4,3344,5,0
2826,公明党,NuclearPower,177,1,1356,1,0
2826,公明党,FamilySeparate,0,0,0,0,0
2826,公明党,LGBT,0,0,0,0,0
2831,自由民主党,Defence,75,12,12134,45,4
2831,自由民主党,NuclearPower,6,3,1495,5,1
2831,自由民主党,FamilySeparate,0,0,0,0,0
2831,自由民主党,LGBT,0,0,0,0,0
2835,自由民主党,Defence,44,12,3311,15,1
2835,自由民主党,NuclearPower,3,0,0,0,0
2835,自由民主党,FamilySeparate,2,0,0,0,2
2835,自由民主党,LGBT,0,0,0,0,0
2836,自由民主党,Defence,13,6,6357,28,0
2836,自由民主党,NuclearPower,1,0,0,0,0
2836,自由民主党,FamilySeparate,0,0,0,0,0
2836,自由民主党,LGBT,0,0,0,0,0
2837,自由民主党,Defence,30,13,8471,15,10
2837,自由民主党,NuclearPower,18,6,3688,11,3
2837,自由民主党,FamilySeparate,4,0,0,0,4
2837,自由民主党,LGBT,0,0,0,0,0
2841,自由民主党,Defence,8,2,9391,2,4
2841,自由民主党,NuclearPower,0,0,0,0,0
2841,自由民主党,FamilySeparate,6,4,1386,6,2
2841,自由民主党,LGBT,14,5,1692,7,9
2849,自由民主党,Defence,21,12,7545,25,0
2849,自由民主党,NuclearPower,3,0,0,0,0
2849,自由民主党,FamilySeparate,1,1,295,1,0
2849,自由民主党,LGBT,0,0,0,0,0
2859,自由民主党,Defence,16,0,0,0,0
2859,自由民主党,NuclearPower,23,0,0,0,0
2859,自由民主党,FamilySeparate,0,0,0,0,0
2859,自由民主党,LGBT,0,0,0,0,0
2863,自由民主党,Defence,3,0,0,0,0
2863,自由民主党,NuclearPower,9,2,632,3,0
2863,自由民主党,FamilySeparate,0,0,0,0,0
2863,自由民主党,LGBT,0,0,0,0,0
2865,無所属,Defence,187,37,56751,104,0
2865,無所属,NuclearPower,31,5,8613,6,0
2865,無所属,FamilySeparate,0,0,0,0,0
2865,無所属,LGBT,0,0,0,0,0
2869,立憲民主党,Defence,44,40,42494,117,0
2869,立憲民主党,NuclearPower,8,0,0,0,0
2869,立憲民主党,FamilySeparate,3,3,2072,3,0
2869,立憲民主党,LGBT,15,15,15813,39,0
2871,自由民主党,Defence,2,2,3440,6,0
2871,自由民主党,NuclearPower,1,0,0,0,0
2871,自由民主党,FamilySeparate,0,0,0,0,0
2871,自由民主党,LGBT,0,0,0,0,0
2875,自由民主党,Defence,4,1,112,1,2
2875,自由民主党,NuclearPower,0,0,0,0,0
2875,自由民主党,FamilySeparate,1,0,0,0,1
2875,自由民主党,LGBT,0,0,0,0,0
2889,自由民主党,Defence,19,7,4036,31,1
2889,自由民主党,NuclearPower,2,1,692,2,0
2889,自由民主党,FamilySeparate,0,0,0,0,0
2889,自由民主党,LGBT,0,0,0,0,0
2899,立憲民主党,Defence,113,35,22717,67,0
2899,立憲民主党,NuclearPower,17,2,1283,2,0
2899,立憲民主党,FamilySeparate,5,5,2463,7,0
2899,立憲民主党,LGBT,3,3,1824,4,0
2923,自由民主党,Defence,24,18,18103,44,0
2923,自由民主党,NuclearPower,2,1,405,1,0
2923,自由民主党,FamilySeparate,0,0,0,0,0
2923,自由民主党,LGBT,0,0,0,0,0
2932,日本維新の会,Defence,46,1,4108,2,0
2932,日本維新の会,NuclearPower,13,1,4831,8,0
2932,日本維新の会,FamilySeparate,0,0,0,0,0
2932,日本維新の会,LGBT,0,0,0,0,0
2940,自由民主党,Defence,105,71,23720,143,32
2940,自由民主党,NuclearPower,1,1,155,1,0
2940,自由民主党,FamilySeparate,1,0,0,0,0
2940,自由民主党,LGBT,0,0,0,0,0
2942,自由民主党,Defence,43,1,1248,1,0
2942,自由民主党,NuclearPower,24,0,0,0,0
2942,自由民主党,FamilySeparate,0,0,0,0,0
2942,自由民主党,LGBT,0,0,0,0,0
2943,立憲民主党,Defence,104,25,22281,42,0
2943,立憲民主党,NuclearPower,41,22,18616,38,0
2943,立憲民主党,FamilySeparate,0,0,0,0,0
2943,立憲民主党,LGBT,0,0,0,0,0
2948,自由民主党,Defence,119,0,0,0,0
2948,自由民主党,NuclearPower,85,0,0,0,0
2948,自由民主党,FamilySeparate,2,0,0,0,0
2948,自由民主党,LGBT,0,0,0,0,0
2956,国民民主党,Defence,46,17,14716,21,0
2956,国民民主党,NuclearPower,70,22,16351,51,0
2956,国民民主党,FamilySeparate,0,0,0,0,0
2956,国民民主党,LGBT,0,0,0,0,0
2974,自由民主党,Defence,114,0,0,0,0
2974,自由民主党,NuclearPower,194,0,0,0,0
2974,自由民主党,FamilySeparate,0,0,0,0,0
2974,自由民主党,LGBT,0,0,0,0,0
3022,自由民主党,Defence,18,10,10309,26,1
3022,自由民主党,NuclearPower,14,2,564,2,0
3022,自由民主党,FamilySeparate,1,1,586,1,0
3022,自由民主党,LGBT,1,0,0,0,1
3033,自由民主党,Defence,3,0,0,0,1
3033,自由民主党,NuclearPower,0,0,0,0,0
3033,自由民主党,FamilySeparate,0,0,0,0,0
3033,自由民主党,LGBT,0,0,0,0,0
3038,自由民主党,Defence,44,1,483,4,0
3038,自由民主党,NuclearPower,0,0,0,0,0
3038,自由民主党,FamilySeparate,0,0,0,0,0
3038,自由民主党,LGBT,0,0,0,0,0
3042,日本維新の会,Defence,10,7,9052,9,0
3042,日本維新の会,NuclearPower,1,1,799,1,0
3042,日本維新の会,FamilySeparate,0,0,0,0,0
3042,日本維新の会,LGBT,0,0,0,0,0
3043,自由民主党,Defence,36,1,800,1,0
3043,自由民主党,NuclearPower,17,1,1628,2,0
3043,自由民主党,FamilySeparate,5,0,0,0,0
3043,自由民主党,LGBT,0,0,0,0,0
3045,自由民主党,Defence,28,0,0,0,0
3045,自由民主党,NuclearPower,54,0,0,0,0
3045,自由民主党,FamilySeparate,0,0,0,0,0
3045,自由民主党,LGBT,0,0,0,0,0
3047,立憲民主党,Defence,58,40,25192,77,0
3047,立憲民主党,NuclearPower,1,0,0,0,0
3047,立憲民主党,FamilySeparate,4,2,198,2,0
3047,立憲民主党,LGBT,3,1,517,1,0
3066,自由民主党,Defence,47,29,10761,41,0
3066,自由民主党,NuclearPower,9,0,0,0,0
3066,自由民主党,FamilySeparate,0,0,0,0,0
3066,自由民主党,LGBT,0,0,0,0,0
3070,自由民主党,Defence,12,12,7518,28,0
3070,自由民主党,NuclearPower,0,0,0,0,0
3070,自由民主党,FamilySeparate,0,0,0,0,0
3070,自由民主党,LGBT,0,0,0,0,0
3072,自由民主党,Defence,82,37,12874,84,0
3072,自由民主党,NuclearPower,3,1,429,1,0
3072,自由民主党,FamilySeparate,1,0,0,0,0
3072,自由民主党,LGBT,0,0,0,0,0
3086,公明党,Defence,16,2,1452,3,0
3086,公明党,NuclearPower,4,0,0,0,0
3086,公明党,FamilySeparate,0,0,0,0,0
3086,公明党,LGBT,1,1,517,2,0
3095,国民民主党,Defence,1129,78,45619,172,0
3095,国民民主党,NuclearPower,53,3,2624,6,0
3095,国民民主党,FamilySeparate,0,0,0,0,0
3095,国民民主党,LGBT,0,0,0,0,0
3096,自由民主党,Defence,15,0,0,0,0
3096,自由民主党,NuclearPower,8,0,0,0,0
3096,自由民主党,FamilySeparate,12,0,0,0,0
3096,自由民主党,LGBT,1,0,0,0,0
3109,無所属,Defence,27,22,17259,28,0
3109,無所属,NuclearPower,4,2,1567,2,0
3109,無所属,FamilySeparate,0,0,0,0,0
3109,無所属,LGBT,1,1,1119,1,0
3113,公明党,Defence,55,10,4799,30,0
3113,公明党,NuclearPower,5,0,0,0,0
3113,公明党,FamilySeparate,0,0,0,0,0
3113,公明党,LGBT,0,0,0,0,0
3129,公明党,Defence,110,6,15935,55,0
3129,公明党,NuclearPower,30,0,0,0,0
3129,公明党,FamilySeparate,0,0,0,0,0
3129,公明党,LGBT,2,2,3055,3,0
3136,自由民主党,Defence,38,5,8198,6,2
3136,自由民主党,NuclearPower,12,0,0,0,1
3136,自由民主党,FamilySeparate,9,1,370,1,8
3136,自由民主党,LGBT,2,1,172,1,1
3153,自由民主党,Defence,49,0,0,0,0
3153,自由民主党,NuclearPower,26,0,0,0,0
3153,自由民主党,FamilySeparate,0,0,0,0,0
3153,自由民主党,LGBT,1,0,0,0,0
3158,公明党,Defence,62,10,7810,19,1
3158,公明党,NuclearPower,37,7,3961,7,0
3158,公明党,FamilySeparate,0,0,0,0,0
3158,公明党,LGBT,0,0,0,0,0
3173,自由民主党,Defence,23,1,2559,1,0
3173,自由民主党,NuclearPower,1,0,0,0,0
3173,自由民主党,FamilySeparate,0,0,0,0,0
3173,自由民主党,LGBT,0,0,0,0,0
3183,自由民主党,Defence,199,66,26342,85,0
3183,自由民主党,NuclearPower,106,0,0,0,0
3183,自由民主党,FamilySeparate,0,0,0,0,0
3183,自由民主党,LGBT,0,0,0,0,0
3187,自由民主党,Defence,61,24,18992,52,19
3187,自由民主党,NuclearPower,15,1,4885,1,2
3187,自由民主党,FamilySeparate,0,0,0,0,0
3187,自由民主党,LGBT,1,1,557,1,0
3189,自由民主党,Defence,11,8,9303,11,0
3189,自由民主党,NuclearPower,31,6,6961,21,0
3189,自由民主党,FamilySeparate,0,0,0,0,0
3189,自由民主党,LGBT,0,0,0,0,0
3190,自由民主党,Defence,24,0,0,0,0
3190,自由民主党,NuclearPower,195,0,0,0,0
3190,自由民主党,FamilySeparate,0,0,0,0,0
3190,自由民主党,LGBT,0,0,0,0,0
3192,日本維新の会,Defence,45,34,21353,80,0
3192,日本維新の会,NuclearPower,3,2,657,2,0
3192,日本維新の会,FamilySeparate,0,0,0,0,0
3192,日本維新の会,LGBT,9,9,4633,22,0
3198,自由民主党,Defence,42,33,16845,84,6
3198,自由民主党,NuclearPower,0,0,0,0,0
3198,自由民主党,FamilySeparate,0,0,0,0,0
3198,自由民主党,LGBT,0,0,0,0,0
3205,立憲民主党,Defence,165,22,14886,51,0
3205,立憲民主党,NuclearPower,4,0,0,0,0
3205,立憲民主党,FamilySeparate,1,0,0,0,0
3205,立憲民主党,LGBT,0,0,0,0,0
3212,自由民主党,Defence,20,3,1994,6,0
3212,自由民主党,NuclearPower,13,0,0,0,0
3212,自由民主党,FamilySeparate,0,0,0,0,0
3212,自由民主党,LGBT,0,0,0,0,0
3214,立憲民主党,Defence,4,1,809,1,0
3214,立憲民主党,NuclearPower,1,1,905,1,0
3214,立憲民主党,FamilySeparate,0,0,0,0,0
3214,立憲民主党,LGBT,0,0,0,0,0
3216,立憲民主党,Defence,15,1,589,1,0
3216,立憲民主党,NuclearPower,1,0,0,0,0
3216,立憲民主党,FamilySeparate,0,0,0,0,0
3216,立憲民主党,LGBT,0,0,0,0,0
3245,日本維新の会,Defence,12,12,4456,17,0
3245,日本維新の会,NuclearPower,21,21,6116,35,0
3245,日本維新の会,FamilySeparate,0,0,0,0,0
3245,日本維新の会,LGBT,0,0,0,0,0
3246,自由民主党,Defence,15,4,8394,4,5
3246,自由民主党,NuclearPower,21,7,9844,15,13
3246,自由民主党,FamilySeparate,0,0,0,0,0
3246,自由民主党,LGBT,0,0,0,0,0
3248,自由民主党,Defence,1,1,741,1,0
3248,自由民主党,NuclearPower,0,0,0,0,0
3248,自由民主党,FamilySeparate,0,0,0,0,0
3248,自由民主党,LGBT,0,0,0,0,0
3254,自由民主党,Defence,3,2,1095,3,0
3254,自由民主党,NuclearPower,48,6,4976,9,0
3254,自由民主党,FamilySeparate,0,0,0,0,0
3254,自由民主党,LGBT,0,0,0,0,0
3272,自由民主党,Defence,344,0,0,0,0
3272,自由民主党,NuclearPower,32,0,0,0,0
3272,自由民主党,FamilySeparate,0,0,0,0,0
3272,自由民主党,LGBT,0,0,0,0,0
3273,自由民主党,Defence,16,12,4801,16,1
3273,自由民主党,NuclearPower,2,1,396,1,0
3273,自由民主党,FamilySeparate,0,0,0,0,0
3273,自由民主党,LGBT,0,0,0,0,0
3282,自由民主党,Defence,762,0,0,0,0
3282,自由民主党,NuclearPower,83,0,0,0,0
3282,自由民主党,FamilySeparate,2,0,0,0,0
3282,自由民主党,LGBT,3,0,0,0,0
3295,自由民主党,Defence,39,8,4090,14,0
3295,自由民主党,NuclearPower,25,0,0,0,0
3295,自由民主党,FamilySeparate,0,0,0,0,0
3295,自由民主党,LGBT,0,0,0,0,0
3307,自由民主党,Defence,73,0,0,0,0
3307,自由民主党,NuclearPower,16,0,0,0,0
3307,自由民主党,FamilySeparate,1,0,0,0,0
3307,自由民主党,LGBT,1,0,0,0,0
3321,自由民主党,Defence,136,2,3711,4,0
3321,自由民主党,NuclearPower,122,0,0,0,0
3321,自由民主党,FamilySeparate,10,0,0,0,0
3321,自由民主党,LGBT,0,0,0,0,0
3330,立憲民主党,Defence,24,17,13526,24,0
3330,立憲民主党,NuclearPower,3,0,0,0,0
3330,立憲民主党,FamilySeparate,4,1,4496,1,0
3330,立憲民主党,LGBT,1,1,4496,1,0
5212,自由民主党,Defence,8,4,2150,5,4
5212,自由民主党,NuclearPower,0,0,0,0,0
5212,自由民主党,FamilySeparate,0,0,0,0,0
5212,自由民主党,LGBT,0,0,0,0,0
5218,立憲民主党,Defence,148,110,82164,273,0
5218,立憲民主党,NuclearPower,14,8,5625,13,0
5218,立憲民主党,FamilySeparate,1,1,4954,6,0
5218,立憲民主党,LGBT,3,3,5974,7,0
5219,自由民主党,Defence,98,38,37405,57,24
5219,自由民主党,NuclearPower,116,29,16483,56,39
5219,自由民主党,FamilySeparate,6,2,764,2,4
5219,自由民主党,LGBT,19,3,884,7,16
5392,自由民主党,Defence,135,39,10343,52,0
5392,自由民主党,NuclearPower,58,2,1448,3,0
5392,自由民主党,FamilySeparate,0,0,0,0,0
5392,自由民主党,LGBT,0,0,0,0,0
5426,立憲民主党,Defence,231,14,14544,34,0
5426,立憲民主党,NuclearPower,490,17,14096,32,0
5426,立憲民主党,FamilySeparate,2,0,0,0,0
5426,立憲民主党,LGBT,0,0,0,0,0
5445,自由民主党,Defence,250,23,11449,41,0
5445,自由民主党,NuclearPower,16,0,0,0,0
5445,自由民主党,FamilySeparate,0,0,0,0,0
5445,自由民主党,LGBT,0,0,0,0,0
5495,立憲民主党,Defence,55,41,19294,75,0
5495,立憲民主党,NuclearPower,2,0,0,0,0
5495,立憲民主党,FamilySeparate,0,0,0,0,0
5495,立憲民主党,LGBT,2,2,1664,2,0
5498,立憲民主党,Defence,40,10,5082,12,0
5498,立憲民主党,NuclearPower,11,1,857,1,0
5498,立憲民主党,FamilySeparate,0,0,0,0,0
5498,立憲民主党,LGBT,0,0,0,0,0
5501,れいわ新選組,Defence,244,0,0,0,48
5501,れいわ新選組,NuclearPower,342,4,2067,19,75
5501,れいわ新選組,FamilySeparate,0,0,0,0,0
5501,れいわ新選組,LGBT,0,0,0,0,0
5505,自由民主党,Defence,974,408,210984,705,288
5505,自由民主党,NuclearPower,63,7,3153,12,11
5505,自由民主党,FamilySeparate,0,0,0,0,0
5505,自由民主党,LGBT,8,1,258,1,2
5510,れいわ新選組,Defence,10,2,2046,4,0
5510,れいわ新選組,NuclearPower,4,4,3186,5,0
5510,れいわ新選組,FamilySeparate,0,0,0,0,0
5510,れいわ新選組,LGBT,0,0,0,0,0
5515,自由民主党,Defence,164,1,2058,7,0
5515,自由民主党,NuclearPower,63,0,0,0,0
5515,自由民主党,FamilySeparate,0,0,0,0,0
5515,自由民主党,LGBT,0,0,0,0,0
5538,立憲民主党,Defence,163,2,863,2,0
5538,立憲民主党,NuclearPower,1,0,0,0,0
5538,立憲民主党,FamilySeparate,0,0,0,0,0
5538,立憲民主党,LGBT,0,0,0,0,0
5704,自由民主党,Defence,31,1,1349,1,0
5704,自由民主党,NuclearPower,7,0,0,0,0
5704,自由民主党,FamilySeparate,0,0,0,0,0
5704,自由民主党,LGBT,0,0,0,0,0
5707,公明党,Defence,5,3,3826,8,0
5707,公明党,NuclearPower,3,2,1922,5,0
5707,公明党,FamilySeparate,0,0,0,0,0
5707,公明党,LGBT,1,1,2360,1,0
5708,公明党,Defence,16,1,1730,1,0
5708,公明党,NuclearPower,15,1,350,1,0
5708,公明党,FamilySeparate,0,0,0,0,0
5708,公明党,LGBT,0,0,0,0,0
5711,日本維新の会,Defence,12,12,5344,15,0
5711,日本維新の会,NuclearPower,2,2,861,2,0
5711,日本維新の会,FamilySeparate,1,1,232,1,0
5711,日本維新の会,LGBT,0,0,0,0,0
5713,自由民主党,Defence,12,1,284,2,0
5713,自由民主党,NuclearPower,10,0,0,0,0
5713,自由民主党,FamilySeparate,2,0,0,0,0
5713,自由民主党,LGBT,0,0,0,0,0
5714,自由民主党,Defence,15,8,3291,13,0
5714,自由民主党,NuclearPower,39,1,614,1,0
5714,自由民主党,FamilySeparate,0,0,0,0,0
5714,自由民主党,LGBT,0,0,0,0,0
5715,日本共産党,Defence,131,58,36123,141,0
5715,日本共産党,NuclearPower,80,0,0,0,0
5715,日本共産党,FamilySeparate,0,0,0,0,0
5715,日本共産党,LGBT,10,10,4950,13,0
5716,自由民主党,Defence,17,0,0,0,0
5716,自由民主党,NuclearPower,15,0,0,0,0
5716,自由民主党,FamilySeparate,2,0,0,0,0
5716,自由民主党,LGBT,0,0,0,0,0
5717,日本共産党,Defence,1371,65,32107,104,0
5717,日本共産党,NuclearPower,830,269,122505,546,0
5717,日本共産党,FamilySeparate,0,0,0,0,0
5717,日本共産党,LGBT,0,0,0,0,0
5718,立憲民主党,Defence,213,98,46051,160,0
5718,立憲民主党,NuclearPower,9,5,5908,15,0
5718,立憲民主党,FamilySeparate,0,0,0,0,0
5718,立憲民主党,LGBT,0,0,0,0,0
5721,自由民主党,Defence,256,0,0,0,0
5721,自由民主党,NuclearPower,0,0,0,0,0
5721,自由民主党,FamilySeparate,0,0,0,0,0
5721,自由民主党,LGBT,0,0,0,0,0
5722,自由民主党,Defence,13,2,3134,3,0
5722,自由民主党,NuclearPower,20,1,356,1,0
5722,自由民主党,FamilySeparate,0,0,0,0,0
5722,自由民主党,LGBT,0,0,0,0,0
5723,日本維新の会,Defence,67,1,1794,4,0
5723,日本維新の会,NuclearPower,31,25,12506,72,0
5723,日本維新の会,FamilySeparate,16,0,0,0,0
5723,日本維新の会,LGBT,0,0,0,0,0
